filename,true_label,predicted_label,correct,confidence,prob_BA,prob_BHA,prob_CHA,prob_CHHA,prob_DA,prob_DAA,prob_DHA,prob_DHAA,prob_D_SHA,prob_GA,prob_GHA,prob_GYA,prob_HA,prob_JA,prob_JHA,prob_KA,prob_KHA,prob_KSHA,prob_LA,prob_MA,prob_M_SHA,prob_NA,prob_NAA,prob_NGA,prob_PA,prob_PHA,prob_RA,prob_TA,prob_TAA,prob_THA,prob_THAA,prob_TRA,prob_T_SHA,prob_WA,prob_YA,prob_YAN
LA_7_aug_08.npz,LA,CHA,False,0.9387407,0.0005236419,0.00049004756,0.9387407,0.00027841007,0.0014966701,0.0005288028,0.0037313483,0.0008592465,0.00030748517,0.00025024868,0.0027694565,8.314862e-05,0.0022064783,0.00019227239,0.0005366589,0.00028286397,0.0008488145,0.00067366916,0.018236017,0.001386039,0.0003714512,0.003935062,0.011879537,0.0010927522,0.0005301323,0.00011465212,0.0012577267,0.00055153354,0.0005066343,0.0005666489,0.0011554874,0.0012062528,0.0005554213,0.00066510926,0.0011453266,4.42876e-05
HA_12_aug_11.npz,HA,CHHA,False,0.93416893,0.017215563,0.00030907567,0.00085490575,0.93416893,0.0004975216,0.0006897033,0.0006220752,0.00054483843,0.0003009383,0.0004477562,0.0006237382,0.0017913331,0.013530431,0.00030712003,0.0010248591,0.0007369647,0.00034539503,0.0006540996,0.008528248,0.004022584,0.00046635047,0.00081588316,0.00047474456,0.001506398,0.0021120303,0.0006108868,6.1891114e-05,0.00025067935,0.0016157932,0.00060496683,0.0019741354,0.0008437086,0.00011673614,0.0001955438,0.00039100388,0.0007430699
NGA_7_aug_09.npz,NGA,CHA,False,0.93407696,0.00082273857,0.0005924995,0.93407696,0.00042797776,0.0023556869,0.00042124614,0.020512754,0.00043803442,0.0006644105,0.00039129512,0.0029940815,0.00020835266,0.0013543759,0.00041188335,0.0006904234,0.00022825525,0.0014124311,0.00066809217,0.004642424,0.0015169585,0.00042693943,0.0033636473,0.0047723134,0.0065895994,0.00040991072,0.00026372654,0.0011900029,0.000706455,0.00062206027,0.0008940475,0.0011880418,0.0014406982,0.00084887294,0.0010360485,0.0013847563,3.2022534e-05
JA_27_aug_06.npz,JA,DHA,False,0.9222758,0.00058744516,0.00082150596,0.0063807364,0.0005481216,0.0010733849,0.00033359844,0.9222758,0.0007458822,0.00045217274,0.0002572711,0.00023273515,0.00044307244,0.0007117465,0.016421778,0.0006559455,0.0009638907,0.0008947817,0.0014389396,0.00040664853,0.0017585212,0.00068686344,0.0032305943,0.0055676517,0.0035351475,0.0005100423,0.017035978,0.0013508109,0.00084877445,0.00016811889,0.0012258661,0.0002004321,0.0010192139,0.0034135466,0.0029542714,0.0005283189,0.00032043105
D_SHA_7_aug_02.npz,D_SHA,M_SHA,False,0.92016906,0.0014198887,0.0027162763,0.0010455174,0.00095296174,0.0011876078,0.0007798547,0.00032029295,0.0010950118,0.0014816872,0.00065001595,0.001144171,0.007965105,0.0006961832,0.0004453155,0.0019122676,0.0005130365,0.0006888153,0.0050889016,0.0023445094,0.0008184375,0.92016906,0.0003968768,0.0060442453,0.001098928,0.0006452876,0.011644808,0.00091111165,0.00042258255,0.0025059716,0.0014207934,0.00071743765,0.01655938,0.0005479951,0.00074550713,0.0005780174,0.0023261067
LA_7_aug_19.npz,LA,CHA,False,0.913254,0.0007357195,0.0006489288,0.913254,0.00040011018,0.002074296,0.0006724681,0.0035193902,0.0007637024,0.00052866957,0.00042876913,0.010267207,0.00012772993,0.0028050933,0.00023975827,0.00063488894,0.00031273358,0.0013297775,0.00075657567,0.03583645,0.0013292982,0.00051986886,0.003229827,0.0060027754,0.0023918985,0.0007798925,0.00015031702,0.0015605148,0.0006570097,0.0007579348,0.0006229205,0.0020422703,0.0018213784,0.0009422051,0.0008513336,0.0009361062,6.812503e-05
CHHA_15_aug_16.npz,CHHA,BA,False,0.90897495,0.90897495,0.0039120293,0.0014275016,0.017960338,0.0023298524,0.0010790849,0.0025545813,0.00060516375,0.0041476893,0.0016507126,0.00090989086,0.0016994369,0.0075535066,0.0008912072,0.0036229405,0.0010601096,0.0026223527,0.004327122,0.0009588148,0.0041272384,0.00047740157,0.0009331593,0.0005040413,0.0026796865,0.0022414199,0.0010113937,0.00024680168,0.00094075844,0.0023174933,0.0015673754,0.0015736157,0.0009157621,0.008794511,0.0007255153,0.0016104415,0.0010460925
KHA_15_aug_14.npz,KHA,NGA,False,0.908508,0.0026099535,0.0014259228,0.0038532903,0.0011843044,0.0014529896,0.0008568087,0.003282124,0.00019703733,0.0015636568,0.0026725335,0.009226292,0.000728642,0.0013751271,0.035779256,0.0007085792,0.0011658071,0.004954177,0.00031625901,0.00084865006,0.0005868726,0.0008015112,0.001209831,0.0001783889,0.908508,0.0003657797,0.00036712308,0.00040771987,0.0049546664,0.00022519394,0.0018433599,0.00046992677,0.0019056015,0.0014639451,0.0010348598,0.0012912748,0.00018454634
NGA_22_aug_02.npz,NGA,CHA,False,0.9067542,0.0010914786,0.00084068085,0.9067542,0.0005721634,0.002750785,0.000559653,0.035626408,0.0005365073,0.00085383776,0.0005448643,0.0030327828,0.00029700605,0.0016862007,0.00067970937,0.0009729551,0.00031295282,0.0017666,0.00092242885,0.0044397414,0.0019805578,0.0005397332,0.004245411,0.004538564,0.011665493,0.0005230939,0.00039733908,0.0015800595,0.0009772276,0.00070678926,0.0011598883,0.0012460887,0.0019011061,0.0010860041,0.0014077626,0.0017591404,4.47771e-05
CHA_6_aug_17.npz,CHA,DHA,False,0.90472144,0.0008081716,0.0009866577,0.013433986,0.0007202778,0.0016453292,0.0006043383,0.90472144,0.0011675891,0.0005965976,0.0004536866,0.00034995968,0.00060970493,0.0010925337,0.01026948,0.0013648228,0.0009918347,0.0012713834,0.002111884,0.0005576214,0.0024624444,0.0011228633,0.005075966,0.011718846,0.004110866,0.0006544155,0.015617186,0.0018203444,0.0010922577,0.00039457993,0.0019640718,0.00036712398,0.0014495082,0.003702854,0.0035471476,0.0008167855,0.00032535617
KSHA_8_aug_08.npz,KSHA,TRA,False,0.90099376,0.002558859,0.0008759108,0.0009008391,0.002155991,0.00045372976,0.002540422,0.00024633337,0.00013838767,0.011230535,0.00029810632,0.000949702,0.0016687654,0.0010188649,0.00044228722,0.00087254425,0.00031858258,0.00029407267,0.02488828,0.0013091777,0.0017328338,0.028781755,0.000416835,0.0007974757,0.001838604,0.0010864676,0.0008498939,0.00045223613,0.00025793983,0.0018018492,0.0011708454,0.000708875,0.90099376,0.0010184506,0.0032949767,0.00038805715,0.0012476796
BA_27_aug_06.npz,BA,CHHA,False,0.89831066,0.055798415,0.0003068841,0.00069343776,0.89831066,0.00043933178,0.00075847923,0.0012289444,0.0006493206,0.00057235634,0.0006302215,0.00044254152,0.0015110481,0.011105822,0.0003535942,0.0013131438,0.0005987141,0.0005197213,0.0012201787,0.0025401064,0.006553961,0.00022430613,0.0011431875,0.00045261157,0.0015216378,0.0023632585,0.0009344307,3.428825e-05,0.00029051575,0.0019269289,0.00065405667,0.002562073,0.00090271066,0.00025156,0.00015461742,0.00041135284,0.0006256657
WA_22_aug_15.npz,WA,RA,False,0.89547515,0.0006286371,0.035979796,0.0010138091,0.00014094493,0.0030108036,0.00035722257,0.0023380725,0.0009338913,0.00014961915,0.0001994185,0.0005078762,0.00040811178,0.00045613057,0.0014015671,0.00019495415,0.0006494221,0.00029624085,0.00019484987,0.0011250428,0.001614372,0.0013875086,0.0010073106,0.0013711108,0.00049800007,0.00038238885,0.00029024074,0.89547515,0.0040043443,0.00043052217,0.00030816355,0.00024495742,0.00041514685,0.026862262,0.0070900097,0.008228219,0.00040382514
TRA_2_aug_05.npz,TRA,WA,False,0.8950157,0.00028398924,7.9293684e-05,0.00046448366,0.0009515941,0.0002190083,0.002941738,0.00080897723,0.0002284365,0.032158654,0.0009163041,0.0012608095,0.0016046624,0.0005079098,0.00013330759,0.00016473964,0.00018521825,0.00054113707,0.00079028064,0.0017048253,0.00044562056,0.0007553593,0.0001445027,0.00044502405,0.00049533846,0.00023781607,0.00022746151,0.00035261927,0.00014286004,0.0006181715,0.00070109795,0.00030137776,0.048420407,0.0033571154,0.8950157,0.0022705633,0.00012358309
GA_8_aug_16.npz,GA,GHA,False,0.887517,0.002083056,0.00062112726,0.015033238,0.0016585537,0.00086390093,0.00040766617,0.00030980055,0.00027831577,0.0007046484,0.0053998088,0.887517,0.00039561663,0.00092600164,0.001212207,0.0011584447,0.0004558077,0.0010817439,0.0006671865,0.0063140607,0.00042348998,0.0019327402,0.0009855028,0.00063885556,0.05539897,0.00038949263,0.00037767322,0.00027570728,0.0023322979,0.0009364692,0.0017406419,0.002346146,0.0011338703,0.0025594856,0.00086013664,0.0002503551,0.0003300187
DAA_24_aug_08.npz,DAA,THAA,False,0.88253546,0.0005505454,0.00045291442,0.00044255058,0.0014262279,0.00018870328,0.054383744,0.00016271057,0.0008733114,0.0001854497,0.00020411942,0.001451156,0.00026751758,0.000416817,0.00029997132,7.844448e-05,0.00027415637,0.00016788612,0.0006538406,0.00047456703,0.0005538951,0.00010083562,9.0158595e-05,0.00041741904,0.0005234212,0.01372343,0.00029463106,0.00023578442,0.0005473005,0.008885412,0.02409723,0.88253546,0.00030782912,7.604057e-05,0.00047102926,0.0039009629,0.00028454108
DAA_24_aug_06.npz,DAA,THAA,False,0.8808689,0.00057803426,0.00044108045,0.0004494591,0.0014611853,0.00016768803,0.05659197,0.00016956891,0.00089968444,0.00018362736,0.00020797983,0.0013976769,0.000287938,0.0004501804,0.00032302653,7.272732e-05,0.00026756048,0.00018653221,0.00060842984,0.00043854976,0.0005335141,9.6948446e-05,9.3319984e-05,0.00037742476,0.00056303473,0.010813153,0.00029910463,0.00023137264,0.00062393746,0.0075512817,0.027180707,0.8808689,0.00032159276,7.559669e-05,0.00048060337,0.00443408,0.00027261474
RA_27_aug_09.npz,RA,BHA,False,0.88065684,0.017190544,0.88065684,0.00045638252,0.0006649471,0.0016764167,0.00049074984,0.0010981143,0.00068046234,0.0001762383,0.0010501168,0.00067597907,0.00082105695,0.0010910572,0.0025627208,0.00091808994,0.0011279837,0.001579006,0.0005869436,0.0036433665,0.033464566,0.0050158366,0.0014814445,0.0012626061,0.00085603644,0.0005860397,0.0008263055,0.025752045,0.0039387066,0.00048030648,0.00044925493,0.00043834015,0.00095380703,0.0026289048,0.0020407196,0.0017823321,0.0008956954
JHA_8_aug_09.npz,JHA,THA,False,0.8744113,0.0012400346,0.0012477031,0.0012765469,0.0012612113,0.0015614975,0.0048030633,0.0015412235,0.002444112,0.00027864496,0.0009426411,0.001758333,0.0012854851,0.0019465656,0.0015028077,0.0065018977,0.000316605,0.0020004434,0.00050014944,0.0006719664,0.0004901619,0.00079293485,0.0009719915,0.00087074266,0.0013083038,0.00050690287,0.0009726096,0.0007207309,0.01648208,0.016304787,0.8744113,0.04625852,0.00061563775,0.0005853404,0.0019878964,0.0033009788,0.0003381403
THA_8_aug_17.npz,THA,JHA,False,0.87404406,0.0011593942,0.0011941661,0.00089269504,0.001316365,0.0065592104,0.000376271,0.0009118676,0.00046210873,0.0005124963,0.0033329227,0.0015552206,0.00091964065,0.0031818128,0.00029325386,0.87404406,0.00035775342,0.0032755276,0.0012545686,0.0005484475,0.0006913716,0.0035227386,0.011132547,0.0015312624,0.0008332029,0.0004632325,0.0017872358,0.0003374179,0.0028134107,0.019628773,0.051391147,0.0006502852,0.00044223337,0.00069793203,0.0011237592,0.00016785893,0.0006378387
T_SHA_7_aug_02.npz,T_SHA,WA,False,0.8728194,0.0005397192,0.00032100856,0.0004902259,0.00042544532,0.0012964397,0.0008781797,0.0022387304,0.00028734273,0.034474887,0.000554349,0.0016657222,0.0014847094,0.00093490165,0.00025491143,0.0008947077,0.00036109728,0.00039037724,0.00049964996,0.0021521212,0.00039763245,0.0019466728,0.00018952135,0.0007367575,0.00075457984,0.00035034245,0.00047207193,0.0027987813,0.00029827358,0.00051751785,0.0013437801,0.00018545729,0.012145629,0.052704353,0.8728194,0.0018347629,0.00035996042
TRA_9_aug_17.npz,TRA,M_SHA,False,0.8714183,0.00142743,0.0021195386,0.0014765568,0.0015030323,0.0020590855,0.0011177185,0.00035190102,0.00061690295,0.0029176096,0.0005857764,0.0015980399,0.0056136693,0.0011655177,0.0004376022,0.0026345751,0.0005103291,0.0003916649,0.01569771,0.0031188969,0.0009679719,0.8714183,0.00048376335,0.004309941,0.001596276,0.0012677633,0.008975273,0.0011707268,0.00048537983,0.0035536254,0.0017945538,0.0007379789,0.050953068,0.00094306964,0.0011128775,0.00050196896,0.0043839067
DA_1_aug_04.npz,DA,KA,False,0.8702404,0.0019668434,0.002222569,0.0009214701,0.0022900058,0.039726436,0.0015534956,0.0013625732,0.0017500953,0.0019861762,0.0006863567,0.00080462813,0.0032301852,0.0008983208,0.011715971,0.00037231325,0.8702404,0.017679082,0.001333883,0.0013619334,0.0024433485,0.0007990947,0.0007055262,0.00036356394,0.0024970577,0.0060099117,0.0011362907,0.0014804712,0.00094000564,0.00054050353,0.00045824057,0.0005926639,0.0020525227,0.002293073,0.0015092527,0.00054932444,0.013526409
NAA_8_aug_12.npz,NAA,PHA,False,0.8648881,0.00093029323,0.0016358553,0.0014945641,0.0025323397,0.00082884583,0.00083242875,0.022235407,0.0025184106,0.0004639429,0.0010051451,0.0011613211,0.002434952,0.00082430063,0.0015557009,0.0020222377,0.0010775527,0.00057083915,0.00484473,0.00074046006,0.0046457937,0.033563875,0.0038560024,0.015355089,0.0012374112,0.002001335,0.8648881,0.0006469109,0.0016926491,0.0019060937,0.0030034857,0.0012331536,0.001399516,0.0011415003,0.0015038038,0.0007127094,0.011503336
TRA_9_aug_02.npz,TRA,M_SHA,False,0.85983706,0.0017236235,0.0025291399,0.0015756426,0.0016437545,0.0023458833,0.0012729963,0.00038548413,0.00074444275,0.0034211953,0.0006925225,0.0017495182,0.006554821,0.0013247317,0.0005131333,0.0029445782,0.0006194777,0.0005111528,0.016000016,0.0034325125,0.0011285418,0.85983706,0.00053908536,0.004709137,0.0017877747,0.0014035108,0.009070626,0.0013204244,0.0005549939,0.003861573,0.0019662438,0.0008446497,0.05526715,0.0010663308,0.0012703089,0.0005855666,0.004802312
KSHA_7_aug_17.npz,KSHA,TRA,False,0.8562441,0.002752303,0.0011272589,0.0011743237,0.0024314213,0.00037451883,0.00587821,0.00050989963,0.0001799959,0.00799318,0.0005824711,0.0013424498,0.0011933376,0.0011261187,0.00067406124,0.0011394729,0.00037247356,0.0003348968,0.07012383,0.0013648791,0.0027568014,0.018840864,0.0007928163,0.0010797031,0.0022912314,0.0024448435,0.0012762008,0.00057251705,0.00032842523,0.0023359885,0.0014663104,0.0010033518,0.8562441,0.0010011371,0.004775889,0.00058807025,0.0015266507
MA_6_aug_16.npz,MA,BA,False,0.85388345,0.85388345,0.0034101664,0.001210929,0.06955134,0.0014319404,0.0009094436,0.0020323135,0.00047411394,0.0026512055,0.0015294219,0.00074692804,0.0012138983,0.008042672,0.000690193,0.003597947,0.0012993937,0.0020829458,0.0044873096,0.001507443,0.0147349965,0.00043307527,0.0014642478,0.00066511444,0.0025184168,0.00410654,0.0010025398,0.00011920183,0.0005654866,0.0027600636,0.0010082034,0.0017842196,0.0014558363,0.0039267982,0.00061241374,0.00093312416,0.001156659
YA_6_aug_07.npz,YA,TA,False,0.85327154,0.000546833,0.010758214,0.0013892858,0.00026921104,0.002874323,0.00040749446,0.0017123965,0.004075662,6.1162624e-05,0.00039733786,0.0014870565,0.0008651539,0.0011482865,0.0020177828,0.000641343,0.0009990587,0.0002588096,0.00033235122,0.00044814838,0.0005222746,0.0014669611,0.009106985,0.0009028275,0.0011854966,0.00014188942,0.00075490226,0.07955002,0.85327154,0.000524428,0.007611976,0.00066608586,0.0004528949,0.0023934687,0.0017355618,0.008033299,0.0009895673
GA_6_aug_14.npz,GA,BHA,False,0.85231054,0.020465929,0.85231054,0.0007711716,0.0007711175,0.0025289734,0.0005446654,0.0017266639,0.00095979526,0.00025364416,0.001108056,0.0010868025,0.0012999554,0.001303447,0.0032825733,0.0012421492,0.0014725713,0.0018120954,0.00065772753,0.0046587856,0.031032128,0.0067985957,0.001699918,0.001975902,0.0013166707,0.0008992861,0.0011914105,0.03757386,0.0053315302,0.0007943483,0.00073869736,0.0006238084,0.0011173656,0.004668762,0.0028124142,0.0020990456,0.001069687
JA_6_aug_18.npz,JA,NGA,False,0.84806585,0.0030858687,0.0018602762,0.004953166,0.0013579455,0.0018107314,0.00076223287,0.008931689,0.000208365,0.0014798566,0.0013954219,0.0056334143,0.0005204164,0.0016639268,0.090529464,0.00060437364,0.0016133061,0.00480787,0.00050231384,0.0007416987,0.00084599265,0.0005630508,0.0015303543,0.0002103512,0.84806585,0.00047079576,0.00045586855,0.0006465468,0.0047791656,0.00021411739,0.0022335069,0.00050054066,0.0022147226,0.0015609463,0.001206027,0.001818805,0.00022095213
JA_4_aug_02.npz,JA,NGA,False,0.84772646,0.0037094979,0.002061285,0.0060649924,0.0016250593,0.0019840037,0.0008503041,0.010470102,0.00024986596,0.0017073373,0.0015383088,0.0067630718,0.0006169208,0.0019341658,0.08170065,0.0007724779,0.0016693409,0.004718718,0.00061251945,0.0008636252,0.00097316696,0.0006590255,0.0017283587,0.0002738348,0.84772646,0.00057574274,0.0005300044,0.0007412015,0.005392086,0.00028201123,0.0027364723,0.0006291857,0.0025298458,0.0017779008,0.0013547761,0.0019052201,0.00027233054
YAN_22_aug_14.npz,YAN,PA,False,0.84667253,0.0008193434,0.0011524572,0.00028834958,0.0031011796,0.0008788113,0.0060919737,0.00087254506,0.0040942426,0.0005627968,0.0013320135,0.0010589453,0.00039678332,0.0012593429,0.0016254174,0.001592032,0.0061376756,4.5991488e-05,0.036671124,0.0022957607,0.0039669857,0.0005381455,0.0009157808,0.0014971882,0.0006136393,0.84667253,0.0036787582,0.0006356924,0.0010110644,0.008047701,0.0018385319,0.006613866,0.0010924729,0.0006611942,0.0011057592,0.0005035726,0.050330292
JHA_15_aug_04.npz,JHA,THA,False,0.8448551,0.0015763054,0.0017402162,0.0018635018,0.001181092,0.0052143564,0.0017183475,0.0022247985,0.00303447,0.00048388363,0.0016201204,0.0022774495,0.002041848,0.0021990759,0.001548328,0.03966369,0.00050140196,0.0032262972,0.0008341145,0.0008272142,0.00047847274,0.0020435757,0.0022507275,0.0010952841,0.0017052062,0.0003727839,0.0014450307,0.0010202426,0.023787644,0.02852189,0.8448551,0.012235763,0.0009204215,0.0010996485,0.0024992048,0.0013531004,0.0005394248
BA_15_aug_05.npz,BA,D_SHA,False,0.84369576,0.008806708,0.0010770049,0.0007272525,0.0018175326,0.0017349402,0.0021760962,0.0005550895,0.0037452555,0.84369576,0.0057935175,0.0015382281,0.052896816,0.0014835498,0.0017214953,0.0019192165,0.0010027533,0.0010930861,0.0012333927,0.0004588575,0.0006378661,0.0031177679,0.0015625067,0.0011779778,0.002563266,0.00095491216,0.00062353635,0.00037445358,0.000861412,0.0020715937,0.0011301951,0.0011168399,0.016764835,0.027768709,0.0040750983,0.00055909,0.0011634758
DHAA_17_aug_14.npz,DHAA,HA,False,0.84251547,0.0023084516,0.0008792631,0.0037743673,0.0007149786,0.0015529199,0.003248397,0.0006595932,0.09597218,0.00059660134,0.00063625426,0.00055651483,0.00068959146,0.84251547,0.00031770312,0.0030123002,0.0009194649,0.0012257434,0.0006257709,0.014690438,0.00087865413,0.00026169408,0.0021849906,0.0066811824,0.0002663816,0.0011122259,0.0003829168,0.0010915315,0.0014240462,0.0018017613,0.0012914136,0.0012182001,0.0011154679,0.0009264246,0.00074377574,0.002130879,0.0015925209
RA_15_aug_15.npz,RA,YA,False,0.8388596,0.00038086151,0.0021339867,0.0021736885,0.0004345694,0.00070597406,0.01397339,0.0019082226,0.0028189924,0.00019002391,0.0006815381,0.0011684732,0.0014494014,0.0012099886,0.0015286932,0.00021697252,0.00078836264,0.0011493581,0.00045063032,0.00091462303,0.000753425,0.00089651835,0.0014610679,0.001250538,0.0026065113,0.0006030292,0.0010117445,0.038296543,0.044691715,0.000601877,0.0072391056,0.0037534377,0.0011399143,0.0008116991,0.021259895,0.8388596,0.00048558615
KSHA_4_aug_19.npz,KSHA,TRA,False,0.8380646,0.0016387663,0.00094816665,0.00088295946,0.0016969651,0.00018485212,0.013328922,0.0010370614,0.00015974506,0.0048173023,0.0006774315,0.0014058095,0.00085177383,0.0011833119,0.00057065283,0.00076847983,0.00032763995,0.00030850925,0.09834286,0.000989418,0.0025727511,0.006862312,0.0008114183,0.0005619169,0.0022743565,0.0018213531,0.0015122397,0.0006132125,0.0002902837,0.0013282497,0.001207152,0.0008720222,0.8380646,0.0010700721,0.008147115,0.00053680467,0.0013334636
NA_15_aug_02.npz,NA,TA,False,0.83591306,0.0010730234,0.025976049,0.0022641872,0.0003302438,0.0028520795,0.00030994348,0.0018897896,0.0054471456,5.7567562e-05,0.00065340963,0.0020460496,0.001719109,0.0009900877,0.00219276,0.0013154456,0.0010741235,0.000469629,0.00056441885,0.0005556872,0.0008996618,0.0026148204,0.02829411,0.0014023441,0.001068512,9.986228e-05,0.0011152913,0.06298122,0.83591306,0.0005763335,0.0052098734,0.00032661777,0.00061249826,0.0025498015,0.0010851988,0.0026041109,0.0008658728
NGA_9_aug_19.npz,NGA,CHA,False,0.8339514,0.0013309123,0.0009990124,0.8339514,0.00058072765,0.0032928477,0.0004949046,0.098465785,0.0005934258,0.0008377034,0.0005399113,0.0018574425,0.00043004454,0.0012288518,0.001049524,0.0010307652,0.00032520245,0.0021243575,0.000801071,0.002896159,0.0021836048,0.00068711943,0.0032698768,0.0075595,0.017737726,0.00048184255,0.00056524004,0.0020815001,0.0010381953,0.00082675397,0.0019596831,0.0015310667,0.0016254627,0.0011366876,0.0017545933,0.00269309,3.8005535e-05
CHA_9_aug_20.npz,CHA,LA,False,0.8276609,0.0016299644,0.0018073922,0.08463239,0.0017581579,0.002037781,0.00096640794,0.0008249095,0.0036955234,0.0006301951,0.001617486,0.02806069,0.00034238584,0.010362364,0.00037651596,0.0008282057,0.0016527993,0.0018176157,0.0009763162,0.8276609,0.0027485737,0.0015542902,0.0009586793,0.0025134482,0.0018121058,0.0034862426,0.00018640138,0.0016567494,0.0005556581,0.0011727734,0.0007850381,0.003434885,0.0020818277,0.0008906419,0.00288582,0.0009923801,0.0006065433
LA_8_aug_03.npz,LA,HA,False,0.8250773,0.0041366895,0.00081375806,0.004937288,0.008504753,0.0021109,0.0025318058,0.00052121654,0.013028395,0.00050950906,0.0004413712,0.0011213112,0.00070776924,0.8250773,0.00038899382,0.0032892376,0.00097478274,0.0010425479,0.0008731948,0.10501447,0.0017543915,0.00037980074,0.0013870934,0.002197874,0.00054379075,0.003212373,0.0003535463,0.0003055234,0.0007397966,0.002434066,0.0025548222,0.0024896318,0.0013571064,0.0003647539,0.00066755264,0.0011967099,0.0020358681
DHAA_17_aug_05.npz,DHAA,HA,False,0.8234045,0.002255697,0.0006469984,0.002291207,0.00061882,0.0017220621,0.0023189357,0.00056542375,0.1303932,0.00066489837,0.00048840704,0.00046001773,0.0012605335,0.8234045,0.00028155718,0.002351166,0.00089236756,0.00082182087,0.00050329644,0.006522614,0.00049375393,0.00021057755,0.0018591603,0.0052957395,0.0002767839,0.0009355874,0.00039304723,0.0010761626,0.0016396613,0.001987253,0.0010667943,0.0011119501,0.0009336172,0.00089410436,0.00037987734,0.0014043531,0.0015780444
NA_18_aug_12.npz,NA,NAA,False,0.82276475,0.0017870027,0.002895248,0.029503202,0.00075201935,0.0028254853,0.00256109,0.015939537,0.029168135,0.0015051127,0.0012297148,0.0014807737,0.0012263133,0.0073323376,0.0018019631,0.0044424254,0.0015759041,0.0015716276,0.0037123158,0.0044864784,0.003694741,0.005752547,0.01386731,0.82276475,0.0005713935,0.0025335238,0.0050451783,0.0050254874,0.0027472805,0.003923716,0.002747193,0.0015136964,0.002727983,0.0035789749,0.0029224367,0.0030554233,0.0017316525
DAA_6_aug_11.npz,DAA,TAA,False,0.82130975,0.0008862078,0.0012791122,0.0011362472,0.0019879278,0.09790534,0.0008316396,0.00041960078,0.0011632408,0.001540854,0.00038995317,0.0012337047,0.0004555138,0.0020096612,0.00028475208,0.004655018,0.0011170125,0.001260747,0.0009801136,0.0016019245,0.0010146702,0.00074444036,0.00033042673,0.0016306364,0.0012197031,0.030650135,0.000951506,0.0012797491,0.00069573516,0.82130975,0.005914673,0.008623878,0.0006069363,0.00047529742,0.0009373771,0.0003904092,0.0020861519
TAA_7_aug_17.npz,TAA,TA,False,0.8212924,0.0009302539,0.020740436,0.002346194,0.00035476306,0.0035660975,0.00040889427,0.002399845,0.005625868,8.086712e-05,0.00060972467,0.0020467967,0.0014494922,0.0012161639,0.0024954607,0.0010843193,0.0011770311,0.00039279048,0.0005554514,0.0006485585,0.0008360556,0.0022733598,0.01770625,0.0013836534,0.0012675751,0.00014834569,0.0011155991,0.08667142,0.8212924,0.0006813965,0.0068140863,0.00053669047,0.00063586567,0.0032331594,0.0015823586,0.0045761964,0.0011166481
TA_8_aug_08.npz,TA,THA,False,0.8130695,0.00090057094,0.0013189839,0.0010976736,0.00066783465,0.0008922943,0.003769247,0.0015879272,0.00326077,0.00025312995,0.0011837595,0.0019522788,0.002014397,0.0024184277,0.002598975,0.0032091422,0.00037058606,0.0013169032,0.00035178856,0.0005529415,0.00038776704,0.00078680355,0.0017845333,0.000704328,0.0030549583,0.00034662007,0.0011099445,0.001278839,0.09819814,0.0041569723,0.8130695,0.0236774,0.00060874806,0.0004020269,0.0034863492,0.016796019,0.00043338566
DA_5_aug_15.npz,DA,TAA,False,0.8101129,0.0005027539,0.00087883725,0.00064596295,0.0012164627,0.14131086,0.00031044317,0.00035354187,0.00081745925,0.001243826,0.00034570927,0.0007329999,0.0003497442,0.0017081272,0.00017549007,0.010532448,0.00058886514,0.0013386488,0.00062808173,0.0009765175,0.0005040852,0.0009040983,0.00030231287,0.0012271949,0.0006234683,0.006651968,0.00074721925,0.00093511684,0.00065295125,0.8101129,0.007435928,0.0025490397,0.00046170043,0.0004071004,0.0005662496,0.00011823177,0.0011437439
NAA_9_aug_03.npz,NAA,DHAA,False,0.8074258,0.0006219944,0.0017285788,0.0030354664,0.00019383863,0.0005888245,0.0021073348,0.00065197813,0.8074258,0.0021212404,0.0019672373,0.0011822925,0.007838237,0.010353542,0.00055825606,0.0008994862,0.0010422099,0.00068474014,0.0010296155,0.0055593993,0.00060698384,0.0051459083,0.003919715,0.11743638,0.00034483918,0.0013837296,0.0008895958,0.0032384563,0.004113518,0.0018231801,0.0013050069,0.0013251015,0.0012833652,0.0009204587,0.0017364816,0.002631133,0.0023060974
TA_6_aug_02.npz,TA,THA,False,0.8022013,0.0005806761,0.0009540339,0.0011289151,0.00038465063,0.001433967,0.0007853029,0.0015540557,0.0024701091,0.0002443671,0.0011868747,0.0012581892,0.0017609447,0.0014276914,0.0014537149,0.009091327,0.00025071597,0.00087228516,0.00034689793,0.00029631174,0.00020634627,0.0010639654,0.0038364371,0.00052188087,0.0025424084,8.378997e-05,0.00091814547,0.00091133063,0.14609407,0.003224342,0.8022013,0.0038429315,0.00043509444,0.00039351897,0.0023513425,0.0036210427,0.0002711284
THAA_8_aug_06.npz,THAA,TAA,False,0.78804195,0.00079623115,0.0008227615,0.0012955669,0.0022398543,0.029389169,0.0009679825,0.0007415107,0.00096936355,0.000780808,0.0016469164,0.0019798689,0.0004533627,0.0012648915,0.000396423,0.053209122,0.0002069763,0.0016908427,0.00188772,0.0015189426,0.0006076008,0.0029619557,0.0007332987,0.0034658965,0.0007281148,0.0046868185,0.0007369611,0.00051005173,0.0015798294,0.78804195,0.08221144,0.008835146,0.0006644473,0.00039895423,0.0009912467,0.00021322552,0.00037466237
BA_8_aug_04.npz,BA,MA,False,0.78563136,0.053660445,0.057321806,0.00074514595,0.04966754,0.00062044826,0.00081009127,0.002523908,0.00048541033,0.0005440583,0.0022606372,0.0006351818,0.00023232044,0.002024783,0.00098001,0.0021473153,0.0011673883,0.0011927197,0.0029603192,0.0045374553,0.78563136,0.00080369273,0.004158184,0.0017301477,0.0014285888,0.004623563,0.003084832,0.0004707054,0.00061036006,0.0018943667,0.000731862,0.0026617642,0.0032329904,0.0008720999,0.0014232682,0.0006067985,0.0015183091
HA_9_aug_10.npz,HA,DHAA,False,0.7842856,0.0018789378,0.00083960244,0.001533439,0.00058529596,0.001865526,0.0030208859,0.0006087517,0.7842856,0.0034510442,0.0007857397,0.0010023089,0.028459344,0.12828389,0.00066231866,0.00092867203,0.0012576382,0.00055275735,0.0010662402,0.002574184,0.00029331984,0.0007412787,0.0027073647,0.0085458765,0.0005435308,0.0015154062,0.0006075153,0.0013293843,0.0068103657,0.0020251437,0.0016828905,0.0023779548,0.0018248416,0.0010933966,0.00028785097,0.0013185403,0.0026531594
YAN_14_aug_20.npz,YAN,PA,False,0.782441,0.0008324597,0.0016656453,0.0003976527,0.0035523705,0.0025772615,0.0033655546,0.0007880339,0.00356491,0.0007202291,0.00075640564,0.00080518465,0.0005634171,0.0013161995,0.0018178181,0.0014195536,0.016705092,8.002523e-05,0.016441675,0.002342497,0.0039779935,0.00046668758,0.0006302578,0.0012072715,0.0006602006,0.782441,0.004280255,0.0010567115,0.0008755443,0.008498438,0.0010861516,0.0039839502,0.0008931424,0.00077224267,0.0010032384,0.00068864686,0.12776624
HA_15_aug_05.npz,HA,DHAA,False,0.7808071,0.0015870776,0.0010131615,0.0019979111,0.00041534033,0.0016938993,0.003134751,0.0006909032,0.7808071,0.0023307113,0.0008092752,0.0009199651,0.011111051,0.1461722,0.00068684976,0.0010667981,0.0015122063,0.00058448524,0.00096411014,0.0033410199,0.0003833967,0.0006285193,0.002910769,0.011787289,0.00040268563,0.001266575,0.0006012976,0.0018951694,0.006007628,0.0020505576,0.0016853132,0.0020111962,0.0015932011,0.0012819616,0.0004093974,0.001618366,0.0026279646
YA_5_aug_17.npz,YA,RA,False,0.7778963,0.00032370377,0.0092005525,0.0024762547,0.0002711794,0.0028824413,0.0028046267,0.003829383,0.0020010148,0.00013573389,0.0003438344,0.00065699033,0.0006931393,0.001276676,0.0014468,0.00026521517,0.001353196,0.0006505315,0.0006217587,0.0014558025,0.00096471165,0.0012895642,0.00287201,0.0011643688,0.00073030574,0.00034787334,0.0007061449,0.7778963,0.021568576,0.00038825662,0.00092585786,0.00052143965,0.0009830135,0.0061806,0.017985355,0.13193512,0.0008516816
TRA_7_aug_19.npz,TRA,D_SHA,False,0.77782613,0.0023306904,0.0004155004,0.0010582121,0.002458169,0.0019143892,0.0031318422,0.00022975648,0.0012483004,0.77782613,0.002412375,0.0019098404,0.019781558,0.0009831227,0.00036835155,0.0011703006,0.00072922517,0.00087150076,0.002423679,0.0010811809,0.0010014987,0.00762258,0.00079338177,0.0008756037,0.0019588487,0.00077023037,0.00038367196,0.00034527475,0.00041771916,0.002661223,0.00092882797,0.000997539,0.12184976,0.0081702145,0.026813552,0.00092117273,0.00114476
WA_15_aug_18.npz,WA,RA,False,0.773439,0.002741006,0.11351808,0.0021262222,0.00028932697,0.0051681763,0.00057004037,0.0032300113,0.0020488494,0.00031007265,0.0005313801,0.0014381442,0.0009943558,0.00087294355,0.0028748955,0.0004784645,0.0012828063,0.00066169084,0.00042066528,0.002234517,0.004406523,0.002972886,0.0018616988,0.0031140668,0.0011016554,0.0009835087,0.0006351496,0.773439,0.009322072,0.001030154,0.00070882787,0.00061067205,0.00081073376,0.041802336,0.00725466,0.007203797,0.0009505621
THA_15_aug_14.npz,THA,TA,False,0.77042496,0.0026982757,0.01838093,0.004347978,0.0014877949,0.0055872155,0.0013594782,0.0028214734,0.008629161,0.00040064886,0.0037527734,0.006302052,0.0046141525,0.0045289714,0.0041099987,0.008751566,0.002394196,0.0018571445,0.0014875111,0.0010492912,0.0018583079,0.005805293,0.05845175,0.002138075,0.004569647,0.00026046974,0.0032994673,0.025476035,0.77042496,0.001881736,0.02194664,0.0011753304,0.0019984387,0.0038189662,0.004028725,0.0061985366,0.002106973
BHA_7_aug_14.npz,BHA,RA,False,0.76877975,0.0014675608,0.15005782,0.0012011364,0.00015644773,0.0027990318,0.00045502672,0.0016380565,0.0024467513,8.468933e-05,0.0004803304,0.00078869535,0.0012686342,0.00067434023,0.002972939,0.00038486285,0.0012005323,0.0006042764,0.00041776226,0.001439061,0.0023914827,0.0023753308,0.0045042615,0.0021481072,0.00046433706,0.00037926598,0.0003363529,0.76877975,0.027381197,0.00038581193,0.00045517058,0.00028023546,0.0005057815,0.009578336,0.0016974825,0.0065635825,0.0012355131
TRA_5_aug_07.npz,TRA,KSHA,False,0.7674923,0.0006558789,0.0005367498,0.0010016862,0.0009048061,0.0001014041,0.059726037,0.00170955,0.00022413877,0.0011058911,0.0011706147,0.0009792869,0.00029686795,0.00060151285,0.00064064976,0.0006314688,0.00034476962,0.00015652958,0.7674923,0.00066056586,0.0017186684,0.0024292958,0.002425416,0.0006357366,0.0006997894,0.0044932207,0.0017731792,0.00046707803,0.00034499,0.00079518935,0.0010073415,0.0010076539,0.13724391,0.00034497055,0.0025896307,0.00076607004,0.0023171594
KSHA_7_aug_12.npz,KSHA,DAA,False,0.75979847,0.0020771238,0.0035835986,0.002331879,0.004398949,0.00058849144,0.75979847,0.0027161865,0.005130447,0.004405765,0.007024585,0.0035209986,0.0036945068,0.0035984828,0.0036635785,0.0024387524,0.005140075,0.0018223358,0.03973076,0.0027966434,0.004100529,0.0022085053,0.004426475,0.0026059728,0.0031883954,0.021122713,0.0024948374,0.0027982066,0.0023421277,0.0044432743,0.008211099,0.028061371,0.026979087,0.0014134013,0.009477548,0.01520469,0.0024601663
BA_15_aug_12.npz,BA,T_SHA,False,0.7542157,0.032893766,0.018638266,0.0029878193,0.0013003801,0.008657328,0.0011973717,0.008535778,0.0030559779,0.008472336,0.001983921,0.010787204,0.004135931,0.0027248103,0.0035980276,0.0023558084,0.003167536,0.0018467415,0.0026036089,0.001729491,0.004926784,0.0040357397,0.0024837402,0.0037213743,0.004243762,0.0045341584,0.0046288143,0.032081623,0.006455438,0.0027562908,0.0023127415,0.0015203774,0.00340387,0.7542157,0.041752066,0.002276635,0.0039788135
MA_6_aug_05.npz,MA,CHHA,False,0.75117016,0.056930047,0.0044064843,0.0014486309,0.75117016,0.000614033,0.001721742,0.0021331636,0.0008839424,0.0009213356,0.0017563174,0.00089200557,0.0009935992,0.00713048,0.0007393794,0.0022052717,0.0017232262,0.001027677,0.0025431346,0.008806323,0.11845925,0.0006582319,0.0039208084,0.0014929337,0.0022356652,0.005327165,0.0017293876,0.00016818168,0.0005633876,0.002948035,0.0009171343,0.005588588,0.004642846,0.00038809213,0.0008403301,0.0006923546,0.0013807144
DHAA_26_aug_04.npz,DHAA,HA,False,0.74499184,0.0028550965,0.0009036945,0.0020938073,0.000806614,0.0023499588,0.003329381,0.00074138347,0.19804694,0.0012449683,0.00066689204,0.0006780127,0.0033658252,0.74499184,0.00042799988,0.0023661174,0.0012826625,0.0008891932,0.0007774454,0.0057071084,0.00050194404,0.00031412175,0.0023196866,0.005345172,0.00041494155,0.0011837946,0.0005331492,0.0012977488,0.0028710517,0.0020187593,0.001329642,0.0016094609,0.0014162201,0.0011557816,0.00041080173,0.0015501949,0.0022026084
YA_8_aug_05.npz,YA,RA,False,0.73778987,0.0008159423,0.014993548,0.003661282,0.00071170466,0.0059708147,0.004706266,0.005863906,0.004086569,0.0004804153,0.0008850464,0.0013371775,0.0015387937,0.0028473046,0.0032924192,0.00074451056,0.003009703,0.001504779,0.0011466711,0.0029213582,0.0022221012,0.002757858,0.004500101,0.0024274972,0.0015771165,0.0008890219,0.0014065967,0.73778987,0.018444315,0.0010029138,0.0016561293,0.0011242416,0.0020342104,0.014467,0.02909629,0.11625944,0.0018270628
GA_8_aug_01.npz,GA,GHA,False,0.7342072,0.003965535,0.0010761545,0.012422886,0.003574187,0.0014323016,0.00080008217,0.00070894975,0.00050540257,0.0014736372,0.021202508,0.7342072,0.0014190467,0.0013074342,0.0035822468,0.0024340176,0.0009557,0.0032691814,0.0009314753,0.0055107013,0.0006691589,0.0056675808,0.001776839,0.00081119686,0.16659838,0.0005116164,0.0011027668,0.00045464243,0.004776955,0.0014048449,0.0035349592,0.003233651,0.0016229795,0.0042970935,0.001614314,0.0006214284,0.00052292703
M_SHA_13_aug_16.npz,M_SHA,TRA,False,0.73198223,0.004654391,0.0018427513,0.001773198,0.003399725,0.0011006163,0.0044963504,0.0005989639,0.00027878312,0.011663903,0.00083178724,0.0020936183,0.002447201,0.0016396147,0.00090985216,0.0027604008,0.0005879477,0.00051897165,0.11351752,0.0023498998,0.0033896356,0.07560983,0.0011187659,0.0022545166,0.0029223482,0.0043219337,0.00242448,0.00077585934,0.00049967074,0.0042362767,0.0021744133,0.0011660694,0.73198223,0.001497274,0.0039228154,0.00062740326,0.0036110454
DA_1_aug_18.npz,DA,KA,False,0.72951543,0.0016517313,0.0034659067,0.001236755,0.0041882456,0.021765113,0.0018724652,0.0021036656,0.002731401,0.0021000847,0.0006964839,0.0008681889,0.0023837544,0.0013914125,0.008520517,0.000594132,0.72951543,0.0030506162,0.0029508246,0.0024448188,0.00441259,0.0010243618,0.0008187805,0.0008385711,0.0015317658,0.034788415,0.003731857,0.003345201,0.0012255382,0.0010434351,0.0004916913,0.0011636191,0.0017706999,0.0023089072,0.0015097052,0.0010661617,0.14539705
DAA_8_aug_14.npz,DAA,TAA,False,0.72618926,0.0020930092,0.003146196,0.0025317927,0.0042891633,0.10901997,0.0013946018,0.001388172,0.0029572595,0.003618055,0.0024188815,0.0034506193,0.0017607801,0.0043066484,0.00079515344,0.043954182,0.0014307529,0.004147513,0.0029414382,0.00321889,0.0019254783,0.0051191584,0.0019378901,0.004806572,0.002316611,0.009728502,0.0025538628,0.0020003878,0.0029446015,0.72618926,0.026505334,0.0069742454,0.0022248148,0.0012347918,0.0020238701,0.00045584282,0.0021957895
D_SHA_7_aug_15.npz,D_SHA,GYA,False,0.72015023,0.007966643,0.0012445672,0.00084599544,0.0033935283,0.0020320811,0.0025354521,0.0005756025,0.018401122,0.16987395,0.0055012945,0.0017050978,0.72015023,0.0054120524,0.0015362164,0.0020284168,0.0020355112,0.0031411117,0.0009158141,0.00097287336,0.00032956447,0.011387625,0.0021823056,0.0016906223,0.003659766,0.00065146637,0.0012543956,0.0005048676,0.0016064985,0.0016564986,0.0012552117,0.0011000638,0.011759578,0.0064615505,0.0015174596,0.0008413995,0.00187361
TRA_5_aug_08.npz,TRA,KSHA,False,0.71542054,0.00072103343,0.00061106007,0.0011114358,0.0010141799,0.00010970685,0.07354212,0.0019165539,0.00025919525,0.0013072885,0.0012534133,0.0010984673,0.00036105394,0.0007292812,0.0007246669,0.0006636332,0.00039672307,0.00018595323,0.71542054,0.0007346831,0.0018386254,0.0025707153,0.0026544998,0.0006451419,0.0008369503,0.0043140193,0.0019804663,0.0005579815,0.00042182792,0.0008315534,0.0011179368,0.0011346969,0.1720238,0.00039795742,0.0031659296,0.00095518027,0.0023916692
NGA_9_aug_10.npz,NGA,GHA,False,0.7101748,0.0048209857,0.0017008424,0.056639515,0.0026510202,0.0021403881,0.0008141965,0.0016831324,0.00040815654,0.0017162522,0.003387221,0.7101748,0.0005496138,0.0021892118,0.0033162157,0.0017380642,0.0007488328,0.0018884618,0.0013260398,0.010888297,0.0011356793,0.0016778709,0.0018995125,0.0013585492,0.15935855,0.00093277026,0.00042801804,0.0006673211,0.0045404197,0.0016134664,0.0034460092,0.004266998,0.0033231713,0.0036851533,0.001769508,0.00058931194,0.0005265211
YAN_19_aug_10.npz,YAN,PA,False,0.7058812,0.0011192696,0.0026543688,0.00061981735,0.0042164,0.0055977576,0.003155734,0.0010136949,0.003731486,0.0010159654,0.00065912266,0.0008950144,0.000699066,0.0015653558,0.0022633758,0.0015211479,0.02935061,0.00013742674,0.009638149,0.0028022039,0.00445882,0.00052789255,0.0006151625,0.0017523497,0.0008661938,0.7058812,0.0058070812,0.0018893917,0.0010276571,0.011531729,0.0011173914,0.0043101325,0.00077158626,0.0011541813,0.001298293,0.0010677349,0.18326713
D_SHA_13_aug_16.npz,D_SHA,TRA,False,0.7058722,0.0029745672,0.0007067033,0.0021422636,0.0056487415,0.0009069928,0.009220894,0.0011442109,0.0009177043,0.10311072,0.0022975365,0.0028341839,0.0074539883,0.003282086,0.00078199,0.0010962888,0.00101995,0.0012469403,0.011418134,0.0039045175,0.003244579,0.009792235,0.0010650004,0.0013753303,0.0049245,0.0018109549,0.0013866122,0.0010195256,0.0008206385,0.0030898415,0.0021196266,0.0014348514,0.7058722,0.006016682,0.09036143,0.0020510699,0.0015065407
DAA_15_aug_16.npz,DAA,THAA,False,0.6977987,0.0007554691,0.0006499112,0.00087388325,0.002712308,0.0002447819,0.20719576,0.00043589796,0.0017741009,0.00046940948,0.0006472999,0.0022753354,0.00070127845,0.0009104196,0.0007314803,0.00016205147,0.00062036933,0.00047225377,0.001633198,0.0007687915,0.0009870174,0.00021676798,0.0002846299,0.00076350366,0.000968848,0.012589758,0.000628633,0.0004936391,0.0010463757,0.008237182,0.03460385,0.6977987,0.0010747154,0.00017247903,0.0016481886,0.014050437,0.00040117346
BHA_9_aug_04.npz,BHA,MA,False,0.69623286,0.030346882,0.19711778,0.00062441605,0.011559403,0.0009849339,0.0012293353,0.001759018,0.00057259435,0.0007835062,0.004415041,0.0007006746,0.0002371506,0.0018732966,0.002348892,0.0026103565,0.0013021055,0.0020974635,0.0028624998,0.0048463363,0.69623286,0.0023600357,0.0043553556,0.0027477622,0.0014482817,0.0038187976,0.0034604832,0.0014270771,0.0008237578,0.0018430678,0.0006070325,0.0017761192,0.003766738,0.0014772149,0.0028303636,0.0010626726,0.0016908384
NA_1_aug_19.npz,NA,JHA,False,0.6824288,0.0012231376,0.0015578832,0.0011726057,0.0018752478,0.0009716001,0.0004721281,0.0016225001,0.0013405717,0.0019928734,0.039639667,0.0018852194,0.002869983,0.0025073015,0.0011019126,0.6824288,0.0002442919,0.0032795132,0.002272712,0.00026505438,0.0022869327,0.001371595,0.19462207,0.0028395224,0.003133764,0.00030307553,0.0021511142,0.0002974924,0.011909114,0.004603572,0.02299014,0.00022857267,0.00071967114,0.00068315637,0.0020971636,0.00046295792,0.00057715137
TAA_15_aug_18.npz,TAA,PA,False,0.6676133,0.0013379236,0.0019177798,0.0012741671,0.0041427677,0.0036262851,0.023475466,0.0004962878,0.0019373758,0.001064343,0.0007703997,0.0034239674,0.0005059319,0.001055206,0.0007211729,0.001217856,0.0017710163,0.0003182181,0.0069331178,0.004283216,0.004197158,0.00058350223,0.0004948251,0.0028831435,0.0013993782,0.6676133,0.0013148155,0.00085802533,0.0005307754,0.11383328,0.0047126724,0.13199615,0.0010490933,0.00036780658,0.0013066074,0.0022270666,0.004359846
JHA_1_aug_07.npz,JHA,NA,False,0.66729665,0.0017905806,0.0040107695,0.0021267391,0.0025659034,0.0012246419,0.0006299767,0.0013058013,0.0025817761,0.00026247988,0.007882474,0.003969568,0.0026356427,0.0030499436,0.0019919942,0.065571435,0.0007684695,0.0021394503,0.002173998,0.00028430577,0.003697751,0.0026004896,0.66729665,0.0017113651,0.0032068796,0.00016433703,0.006035354,0.0013339436,0.18200883,0.0019614997,0.017506104,0.00032508135,0.0011862388,0.00079768687,0.0012731644,0.0008998827,0.0010289237
YA_13_aug_20.npz,YA,TA,False,0.66547465,0.00074999535,0.0031399112,0.0011834716,0.00048107802,0.0005876897,0.0031823076,0.0013306573,0.0052518914,0.00011815764,0.0008025785,0.0019446673,0.0019043097,0.0014581889,0.0037675789,0.0003348823,0.0006563453,0.00072692806,0.00024826295,0.0005010052,0.00064457796,0.0007598292,0.0025507049,0.00086972845,0.0058408044,0.0005794915,0.0009600054,0.010383093,0.66547465,0.0009798952,0.07363608,0.010191325,0.0006859322,0.00043596196,0.0068574836,0.19001791,0.00076261285
DA_9_aug_15.npz,DA,KHA,False,0.66130596,0.005112857,0.0022946384,0.0013347293,0.0025823496,0.024941316,0.003224625,0.003295155,0.00077128655,0.004220445,0.0075172056,0.0015216673,0.0041112476,0.0012567041,0.06789645,0.00044961512,0.15115055,0.66130596,0.0005196576,0.0015104817,0.0025279108,0.0005818618,0.0018098488,0.00020561648,0.026694661,0.00042374607,0.00062965014,0.0011928314,0.0016013543,0.00021922043,0.0011984677,0.00047185927,0.0028218126,0.0047964524,0.0055390093,0.0034546284,0.00081409916
D_SHA_21_aug_04.npz,D_SHA,TRA,False,0.6563162,0.0026681076,0.00041400865,0.0017167048,0.0045408616,0.0008412977,0.0065038325,0.0005809448,0.00070551416,0.18822737,0.0019143018,0.002126066,0.008508081,0.002370525,0.0005114436,0.00084682775,0.00075917295,0.0009185985,0.008700907,0.0029784297,0.0019209037,0.00915629,0.000760498,0.000924369,0.0037828463,0.0014165653,0.000765721,0.0005730557,0.0005723288,0.0026765137,0.0015746827,0.0010638966,0.6563162,0.005470358,0.07453781,0.0014374087,0.0012175333
THA_8_aug_11.npz,THA,YA,False,0.6488251,0.0004459284,0.00095191237,0.0020164116,0.0011819015,0.00048855133,0.08288512,0.0022431447,0.002333762,0.0027813932,0.0033909648,0.0014286722,0.0022118986,0.0017986182,0.0029857596,0.0005172004,0.0013236572,0.0025099001,0.0013002938,0.0017519606,0.0010298243,0.00090602116,0.0010982063,0.0018540673,0.0019631435,0.0009961567,0.00066455366,0.009541364,0.0029092107,0.001081175,0.0044626854,0.0034885602,0.008390869,0.0012186042,0.19683717,0.6488251,0.000186228
NAA_8_aug_03.npz,NAA,M_SHA,False,0.6467208,0.0062220665,0.011895447,0.0050385282,0.0048401663,0.0035742745,0.0048515974,0.0044240085,0.0128874425,0.0046480377,0.008533532,0.0051866234,0.022294877,0.003078098,0.00404171,0.008097841,0.0031313945,0.004776316,0.010989993,0.0063767056,0.0064818636,0.6467208,0.0036374072,0.051746495,0.004878968,0.0040259412,0.078207865,0.004709784,0.0038859593,0.010252933,0.008529122,0.00633426,0.01356151,0.0029269343,0.0037586805,0.005175163,0.010277602
BA_15_aug_03.npz,BA,T_SHA,False,0.6451684,0.07752254,0.006036289,0.0041563455,0.0037209343,0.0080553,0.0022420348,0.007410562,0.005489187,0.09719717,0.007235417,0.0067360103,0.016684951,0.007135104,0.008015643,0.008854964,0.004210195,0.0036079977,0.002892579,0.0013933013,0.0022536893,0.0035318946,0.0034304687,0.0033189368,0.004338827,0.0040941327,0.0045132367,0.005202827,0.0066292,0.0038846286,0.0059214905,0.0024383941,0.0065090233,0.6451684,0.014059536,0.0021775544,0.0039312853
DAA_8_aug_09.npz,DAA,GYA,False,0.6441733,0.0057187807,0.0047887084,0.0018366749,0.002876408,0.0034515364,0.002857184,0.00058796996,0.024000257,0.09926272,0.009872097,0.0023575253,0.6441733,0.0038256196,0.0020683242,0.003119978,0.002572676,0.0046598255,0.001765353,0.0022269986,0.0011535059,0.113374785,0.002601539,0.0050645014,0.0043712724,0.0010231901,0.004411329,0.0011442396,0.0024351277,0.00283013,0.0024096905,0.0018791932,0.020070838,0.0052427314,0.004489859,0.002316155,0.0031599614
RA_9_aug_04.npz,RA,BHA,False,0.6430851,0.043345917,0.6430851,0.0010507151,0.004997347,0.0026051071,0.0018797052,0.0025408675,0.0010543015,0.0010466526,0.0048263893,0.0014215028,0.00088733505,0.0028464482,0.0044954345,0.0032804783,0.0021841112,0.0038523502,0.0029174672,0.008413616,0.20657334,0.0073408345,0.0036559578,0.0032261575,0.0023734306,0.0028305028,0.002846953,0.008905265,0.0027686495,0.001857828,0.0010460588,0.0017380236,0.0040149703,0.0034637274,0.0055635218,0.0029823496,0.002081571
M_SHA_13_aug_03.npz,M_SHA,TRA,False,0.64262503,0.0036231128,0.0018086709,0.001901275,0.0030846826,0.00068202236,0.010122693,0.001084527,0.00028474757,0.008407548,0.0011631725,0.002775461,0.0014697631,0.0013456345,0.0009838475,0.0023971887,0.000560689,0.0004400959,0.24226004,0.0018574808,0.0044066855,0.030945024,0.0017097153,0.0019879458,0.002901343,0.0057689142,0.0029178266,0.00078390026,0.00051915523,0.003932246,0.0022309858,0.0014946817,0.64262503,0.0013488246,0.0057370844,0.000770556,0.003667391
CHA_6_aug_19.npz,CHA,GHA,False,0.6388927,0.0048774458,0.0023875965,0.17635074,0.0027039112,0.0031068744,0.0013686103,0.0016373171,0.0014725324,0.0016387299,0.0049694795,0.6388927,0.00076443644,0.0047329087,0.0017226281,0.0024665263,0.0013164495,0.0024958593,0.0023522845,0.06547504,0.0018794081,0.0029467687,0.0034687016,0.0037212744,0.028233135,0.0030926818,0.00072104676,0.0019127093,0.004393395,0.0028944456,0.0031739129,0.010329203,0.0032252402,0.004769829,0.0020880452,0.0013392903,0.0010787568
BHA_9_aug_11.npz,BHA,CHHA,False,0.6363709,0.045547392,0.0025536662,0.0044928226,0.6363709,0.0056608226,0.0056128027,0.004159533,0.005880276,0.0027478903,0.004811169,0.0051270803,0.017450677,0.108022176,0.0029328372,0.007042244,0.0061231176,0.00510347,0.0042207306,0.035618883,0.011193443,0.004612619,0.00408581,0.002797915,0.0082792705,0.006725148,0.005547758,0.0010636153,0.002742093,0.007205541,0.005377976,0.008757681,0.0051653567,0.0013325715,0.0018334131,0.0042297044,0.009571603
KA_21_aug_19.npz,KA,DA,False,0.6346497,0.0026997805,0.0050792894,0.0035436305,0.0029037127,0.6346497,0.0026418844,0.0019458776,0.002356775,0.006620448,0.0007510036,0.0022165282,0.002272797,0.0027052262,0.0040778494,0.0011495489,0.19310874,0.012418505,0.0021156492,0.0037048277,0.0035952334,0.0011601837,0.00051517144,0.0011336665,0.0042737266,0.0381571,0.0015873825,0.0067743724,0.0016260649,0.017956335,0.0016893094,0.004040925,0.0017193103,0.0053970227,0.0033392503,0.0011985088,0.018874707
DAA_9_aug_06.npz,DAA,T_SHA,False,0.63307303,0.038748987,0.049413405,0.004306212,0.0011113293,0.010883175,0.001593778,0.008332062,0.0040279054,0.004838507,0.0020629584,0.009953256,0.0034072332,0.0027794098,0.0047989627,0.002001347,0.0037048534,0.002316439,0.0023138977,0.0023452123,0.0069505796,0.0051014735,0.0025385506,0.0052314014,0.005459682,0.004778811,0.003661207,0.102863386,0.008920616,0.0031666362,0.0023782193,0.002108477,0.0031916564,0.63307303,0.043387674,0.00474074,0.0035090498
MA_8_aug_09.npz,MA,BHA,False,0.6303087,0.03817565,0.6303087,0.00045630152,0.002732535,0.0010676245,0.00059403986,0.0012677805,0.0003464827,0.0003681675,0.0019961286,0.0005753619,0.00024910274,0.00093597,0.0019504388,0.0013769629,0.00092446455,0.0016337046,0.0013364017,0.0038514417,0.28368598,0.003242072,0.0016897664,0.0017369032,0.0011345588,0.0016657837,0.0014955032,0.003811477,0.00095723564,0.0009411705,0.00038400412,0.0007397818,0.0018607943,0.0021449386,0.0025769903,0.0009580636,0.00082775304
KA_21_aug_04.npz,KA,YAN,False,0.6223186,0.0011237703,0.0025479665,0.0005151746,0.0044688173,0.010181637,0.0014560729,0.0010906273,0.0037607576,0.0014877879,0.0005661066,0.0006715762,0.0014117004,0.0017730879,0.0037042308,0.0012005874,0.21265289,0.00062789005,0.0040788483,0.0020191774,0.0038840184,0.0009797128,0.0007217229,0.0012769192,0.0008174659,0.09362974,0.0085806735,0.0024962577,0.00100225,0.0026401468,0.00048322018,0.0010001942,0.0010646377,0.001885741,0.0010376523,0.0008422905,0.6223186
KA_25_aug_13.npz,KA,JA,False,0.61260176,0.0013073242,0.0027789224,0.000614958,0.0013568325,0.0031782542,0.0011104903,0.016692359,0.0012736114,0.0013790475,0.0007664945,0.00053563906,0.0011469398,0.00043032152,0.61260176,0.00018559475,0.3109521,0.006011326,0.0010752658,0.0007667884,0.0018132632,0.00039004092,0.0024102253,0.00034475035,0.0071382215,0.0023406218,0.0021782047,0.0017298847,0.0035076228,4.7415717e-05,0.0007020915,0.00020742515,0.0014183522,0.0028159206,0.0018694426,0.002069936,0.004852553
DA_15_aug_06.npz,DA,TAA,False,0.60511184,0.00064588233,0.0012260961,0.00087109674,0.0012979589,0.34033468,0.00034062043,0.0004938124,0.00097528304,0.0019305384,0.00036285527,0.00078237004,0.00046246906,0.002246225,0.00024977006,0.011333298,0.0012854051,0.0024824494,0.00063253567,0.0011702426,0.0006023355,0.0010467916,0.00032449188,0.0010818288,0.0008364443,0.00573286,0.00086895033,0.0016561669,0.0008092369,0.60511184,0.006823989,0.0021261487,0.0005500966,0.0007664789,0.0007156456,0.0001453663,0.0016778208
DA_9_aug_18.npz,DA,GA,False,0.6040671,0.0028161844,0.003714571,0.0028928057,0.0018880733,0.0062271995,0.0019798805,0.002288064,0.0024089136,0.010337794,0.6040671,0.010998067,0.008267539,0.0011575323,0.0029013709,0.035281632,0.0029942812,0.24655375,0.0026872756,0.002675926,0.004009631,0.004601058,0.0053649624,0.001147782,0.011285361,0.00018162072,0.000773725,0.00097214524,0.0017307412,0.0023324846,0.004866552,0.0009612305,0.0021559265,0.002509991,0.0027584294,0.0009507691,0.0012595493
HA_1_aug_07.npz,HA,DHAA,False,0.6022403,0.0048910542,0.00087833643,0.0014889486,0.0023237306,0.003695777,0.0043757395,0.0012394949,0.6022403,0.0060546063,0.0012995104,0.0015131268,0.08669133,0.22773518,0.0010174976,0.0013150575,0.0021498816,0.0010436778,0.0011783447,0.003192824,0.00031766627,0.0012525608,0.0026322142,0.006295656,0.0013485812,0.0017971713,0.0011051059,0.0015502829,0.009928299,0.0029769375,0.0025903587,0.003966079,0.002672633,0.001761705,0.00031376973,0.001406364,0.0037601073
YAN_21_aug_20.npz,YAN,PA,False,0.6004832,0.0014242987,0.0013577967,0.00040193144,0.0038580524,0.0010115812,0.0066853277,0.0015845129,0.006262822,0.0010486649,0.0026772746,0.0015756463,0.00082622754,0.0019828212,0.0021385152,0.0024180126,0.008620801,9.829845e-05,0.15057614,0.0030175317,0.0058554513,0.0011917885,0.0018522537,0.0017371594,0.0007214196,0.6004832,0.0074183154,0.000699837,0.0013041913,0.006269901,0.0022776874,0.0043588155,0.0032629634,0.0011132446,0.0019758802,0.00042927059,0.16148236
DA_7_aug_03.npz,DA,KA,False,0.5995769,0.0025991036,0.0020158153,0.0011666316,0.0016404508,0.13358334,0.0013500415,0.0015086345,0.0012178489,0.0028737271,0.00077444676,0.00075937744,0.004274793,0.0009420369,0.012848216,0.00033960014,0.5995769,0.2066669,0.00060270214,0.0013605626,0.0021143875,0.0006053609,0.000517735,0.00022206591,0.0038429222,0.0013327965,0.00053972594,0.00156751,0.0006441943,0.00089750515,0.00067859533,0.00057119044,0.00259317,0.0027834002,0.0016433238,0.0005646422,0.002780336
WA_8_aug_14.npz,WA,T_SHA,False,0.5980394,0.002495035,0.001737906,0.0007952381,0.0005505334,0.004159322,0.00058861915,0.005881655,0.0006768929,0.026122421,0.0007309509,0.0032020896,0.0024075042,0.0013702248,0.0007141428,0.0016612031,0.0010332991,0.0005581923,0.0006755425,0.0014324754,0.0008101935,0.0028430326,0.0005699393,0.0014254091,0.0014838548,0.0007448084,0.0011504864,0.0149489185,0.0009258999,0.0007280085,0.001237673,0.00024832843,0.005701783,0.5980394,0.30993584,0.0013624749,0.0010506304
KSHA_8_aug_11.npz,KSHA,TRA,False,0.5978539,0.0011567587,0.00076590705,0.0010491271,0.0013765164,0.00015696962,0.03468991,0.0013830811,0.00019615437,0.0029542265,0.0009419798,0.0014854966,0.00059634255,0.0010324664,0.0006420208,0.00071396923,0.00039392934,0.0002774224,0.32201576,0.00087859674,0.0023618918,0.0050576753,0.0015813755,0.0005909591,0.0015800262,0.0025477372,0.0018770818,0.0006187138,0.00038748575,0.0011008581,0.0011349423,0.0009436675,0.5978539,0.0007157073,0.0060729594,0.0008105963,0.002057794
NA_18_aug_18.npz,NA,NAA,False,0.59733546,0.0053137387,0.0067846803,0.06706157,0.0026646343,0.008379663,0.006119676,0.04384385,0.03760565,0.0046202526,0.0043480317,0.0044717286,0.0034824878,0.015030333,0.006095114,0.013127361,0.005529895,0.0053662793,0.008795717,0.008905477,0.008637075,0.011298449,0.03015264,0.59733546,0.002208697,0.005391389,0.010044933,0.010787061,0.007856239,0.009097999,0.007967842,0.0040311073,0.0076556853,0.0109251775,0.008796581,0.0067238864,0.0035435772
TRA_9_aug_19.npz,TRA,M_SHA,False,0.59457475,0.0036746957,0.0031023126,0.0025274293,0.0031746766,0.0029869452,0.00265765,0.0006027276,0.00066895405,0.008399746,0.0009474833,0.0024105252,0.0070135836,0.0022127924,0.00081164745,0.004691358,0.00082291855,0.00065193797,0.052811548,0.00436507,0.0024862848,0.59457475,0.0010299252,0.005185437,0.0029398617,0.003419486,0.0076173674,0.0014670452,0.0007541485,0.0061455937,0.002990578,0.001315052,0.25436062,0.0018060518,0.0026714369,0.00078138046,0.0059210337
THA_15_aug_19.npz,THA,TA,False,0.5930746,0.0012557945,0.0028883726,0.0014140839,0.00072970183,0.0011882483,0.0023721163,0.001821693,0.006372253,0.00024261458,0.0018520119,0.0027071617,0.003421605,0.0020102842,0.004561679,0.0024372472,0.00065775216,0.0015830592,0.00043410563,0.00040782336,0.0006274878,0.0014550955,0.0064600334,0.0011122137,0.0070158914,0.000281358,0.0015381357,0.0036026104,0.5930746,0.0027894385,0.2952003,0.007944537,0.0010358122,0.00061871787,0.004782997,0.033420578,0.0006826087
DA_9_aug_10.npz,DA,KA,False,0.59185505,0.0027420851,0.0025443123,0.0017429361,0.0022686422,0.19831958,0.0018444414,0.0016943092,0.001677839,0.0042678043,0.0009884407,0.0011411704,0.0046838704,0.0014072462,0.010334175,0.00047173837,0.59185505,0.1344721,0.0010623081,0.0018865342,0.0029835745,0.00083588116,0.0006636827,0.00037362834,0.004317529,0.002782869,0.0007521306,0.0022755663,0.0009038906,0.0017652052,0.00087578216,0.0009443012,0.003494698,0.0032775141,0.0021161877,0.0007008165,0.00553214
THA_9_aug_08.npz,THA,TA,False,0.58529806,0.0010333691,0.0024212766,0.0015007054,0.0005946717,0.0013539532,0.0013525154,0.0017512868,0.005393914,0.00023807221,0.001811551,0.002230773,0.0030335428,0.0016248908,0.003303478,0.0037605148,0.00051456294,0.0012327459,0.00040702932,0.00033066803,0.00048130017,0.0014562699,0.0078102844,0.00093731406,0.0058174324,0.00015793044,0.0013514414,0.0027652495,0.58529806,0.0026204162,0.3311643,0.0044590104,0.0008405708,0.0005875272,0.0038267274,0.016020628,0.00051605323
YAN_8_aug_07.npz,YAN,PHA,False,0.58490056,0.0009905256,0.0013502898,0.0004932447,0.0033581092,0.001213415,0.0009631904,0.0077674994,0.004312288,0.000716534,0.000858567,0.0017342644,0.0017893048,0.0014002074,0.0029634095,0.0019389952,0.0051505864,0.00041689342,0.030483494,0.0010611279,0.0036065723,0.020086791,0.0041204453,0.0039437586,0.0011307206,0.008143877,0.58490056,0.0008293146,0.0022580568,0.0017178046,0.0018179138,0.0007748259,0.002928266,0.0010652633,0.0014014224,0.0005161997,0.2917963
DAA_15_aug_11.npz,DAA,YA,False,0.5791211,0.0002977074,0.00063226477,0.0013193197,0.0009185731,0.00033048203,0.08633423,0.0019085116,0.0018512947,0.0029247438,0.0032473947,0.0010446217,0.0018598845,0.001370454,0.0023581272,0.0003680863,0.0009156811,0.0022242863,0.0011617552,0.0013794019,0.00079200754,0.0006860578,0.0008406188,0.0015545593,0.0012675475,0.00067152636,0.00047129134,0.0069736456,0.0017906609,0.00078617723,0.0031696258,0.0023884303,0.009305331,0.0010168889,0.276598,0.5791211,0.00011974883
BHA_9_aug_16.npz,BHA,BA,False,0.5787317,0.5787317,0.18110417,0.0021775228,0.008091755,0.0053261775,0.003142749,0.00529419,0.001431115,0.0044188253,0.0059896647,0.0037337996,0.0018774034,0.0063373786,0.005376071,0.005418508,0.0035499013,0.0073045883,0.00791868,0.0032987404,0.06467765,0.0040113674,0.002321556,0.001845308,0.007195618,0.0061538583,0.005544283,0.0032395772,0.0029734736,0.0035792298,0.0023698295,0.0037926796,0.0030928378,0.03411316,0.006854151,0.0045789895,0.0031334714
JHA_6_aug_11.npz,JHA,NA,False,0.5757997,0.0075653126,0.0184773,0.00886189,0.012043423,0.0038087028,0.004194462,0.007237894,0.009639837,0.0019434944,0.023563402,0.012531013,0.007903358,0.00835561,0.009930394,0.053376444,0.0034762886,0.0068990053,0.010719926,0.0023852594,0.022922829,0.0063427663,0.5757997,0.0107608605,0.0076555666,0.0022640831,0.016270045,0.008232335,0.08873883,0.007380068,0.014100005,0.0023829583,0.005476848,0.0061144824,0.0039612777,0.0031965158,0.005487752
KSHA_7_aug_11.npz,KSHA,TRA,False,0.57333094,0.0074755456,0.004477156,0.0031033196,0.0045102276,0.0036069858,0.0050518457,0.00078134635,0.0008444108,0.01844641,0.0013293622,0.0028087888,0.0075067254,0.0030443568,0.0012897358,0.0059570037,0.0013524592,0.001230239,0.07237695,0.004421315,0.005277228,0.2205956,0.0016773378,0.004741803,0.003872629,0.005371908,0.0046695834,0.0016625382,0.0010483252,0.0073803784,0.003869932,0.0022697768,0.57333094,0.0027360504,0.004702484,0.0012082426,0.00597103
KA_21_aug_10.npz,KA,TAA,False,0.5732712,0.0026212472,0.0037980615,0.0035006972,0.0045927432,0.20611662,0.002841241,0.0011160835,0.0024850925,0.0046161897,0.0006230891,0.0025856625,0.0011887549,0.0038779813,0.000942256,0.004415623,0.0064955144,0.0029732068,0.0018413016,0.003613134,0.003135459,0.0009888215,0.00065758056,0.0030465084,0.003404778,0.10712966,0.0021785859,0.003728218,0.0013533091,0.5732712,0.00551905,0.020023316,0.0013675207,0.0017050722,0.0027588145,0.0015772965,0.007910305
DHAA_7_aug_17.npz,DHAA,HA,False,0.57300174,0.002263934,0.0013218822,0.004564958,0.00060601666,0.0021617073,0.0036605527,0.0010485904,0.33922985,0.0011363892,0.0010651551,0.0008803959,0.0019370769,0.57300174,0.00050903525,0.0035474068,0.0018931956,0.001023751,0.0009328749,0.009555582,0.00096143753,0.0005131896,0.004495197,0.019744301,0.00033680006,0.0015370154,0.00075945404,0.0028962204,0.003178879,0.002831158,0.0015011256,0.0014873686,0.0015241514,0.0018212292,0.0009244207,0.0023643074,0.0027836827
THA_1_aug_04.npz,THA,THAA,False,0.5689984,0.0016823339,0.0016456846,0.0017339492,0.0024808734,0.00089402666,0.033095382,0.0011848375,0.0022674813,0.00034011182,0.0005731934,0.0027495632,0.0010836346,0.0017483463,0.0013890343,0.001117656,0.00056745537,0.00105791,0.0007459628,0.0012014795,0.0009131268,0.0004784312,0.00039221274,0.0008239098,0.0014250698,0.0052712355,0.0009674674,0.00093185523,0.0057295547,0.017359685,0.3251437,0.5689984,0.000611567,0.00040340002,0.0017586517,0.010627781,0.000605137
WA_9_aug_12.npz,WA,DAA,False,0.56627214,0.0018545643,0.0018752739,0.0028102365,0.004368577,0.0008554226,0.56627214,0.001429627,0.0046023983,0.002577886,0.0038437087,0.004934556,0.0039336924,0.0028045124,0.0020402172,0.00086047826,0.0019311535,0.004190296,0.0033317814,0.0011968332,0.0017367987,0.0010524176,0.0010292508,0.0023512056,0.0027408446,0.0065352977,0.0013897604,0.0026917066,0.002199217,0.011067055,0.024538882,0.20151658,0.0058905473,0.00086440146,0.011256299,0.10686422,0.0005621995
YAN_9_aug_13.npz,YAN,PHA,False,0.56327736,0.001245406,0.0015189342,0.00043086422,0.0032414435,0.001263475,0.0008406438,0.008256388,0.0040968866,0.0007705167,0.00074802106,0.0013521241,0.00196075,0.001379681,0.004220477,0.0019118554,0.008483897,0.0005800674,0.02104895,0.00090668135,0.0033017744,0.012570084,0.004692465,0.0035891042,0.001030391,0.007150394,0.56327736,0.0008574186,0.0023236468,0.0013007158,0.0013939879,0.0005607361,0.0026158732,0.0011318282,0.0015042525,0.00058216753,0.32786068
GYA_25_aug_08.npz,GYA,DHAA,False,0.55543435,0.003967461,0.0009050737,0.0017085045,0.002141378,0.0025620433,0.0038257886,0.000982119,0.55543435,0.009439065,0.0019525117,0.0018452334,0.28630438,0.07369826,0.0008955501,0.0012227366,0.0018487578,0.0010696454,0.0011119094,0.0021205859,0.00026199268,0.002608256,0.0034250594,0.007136395,0.0015949849,0.0016815756,0.0012654703,0.0018314053,0.00928606,0.002240207,0.0019941723,0.0032674356,0.0029556903,0.0018537596,0.00039869337,0.0016603196,0.003503089
GHA_8_aug_04.npz,GHA,CHA,False,0.554492,0.0033690066,0.0025075064,0.554492,0.001931438,0.00349168,0.0011421699,0.002926166,0.0018678872,0.001410428,0.0026103624,0.16890542,0.00058453396,0.006303107,0.000972212,0.0017090244,0.0012453169,0.0027123184,0.0018232975,0.18174557,0.002591328,0.0022372608,0.003319088,0.004737546,0.010859462,0.0037092573,0.00047615496,0.0035009547,0.0021196355,0.0021735674,0.0018360981,0.009206074,0.0036146506,0.0033491799,0.002211662,0.0016616074,0.0006469898
TAA_24_aug_09.npz,TAA,THAA,False,0.54897714,0.0017230385,0.0021223153,0.0022763747,0.00424068,0.0055057416,0.023018252,0.0007214679,0.0020956183,0.00089491816,0.0007941208,0.004289933,0.0008255471,0.0013265617,0.0006811192,0.0019922142,0.0007968735,0.0008290283,0.0022257804,0.0026103745,0.0017680676,0.00087118015,0.0003583459,0.0020617105,0.0016063236,0.06028407,0.00096990913,0.0010813987,0.0012489371,0.2637647,0.051572185,0.54897714,0.00091247837,0.00030324163,0.0012603868,0.00296923,0.0010207258
BHA_6_aug_06.npz,BHA,TA,False,0.54533523,0.0038068374,0.13412695,0.0051032603,0.0010463458,0.003475872,0.0011745723,0.0038323924,0.009063365,0.00016160398,0.0023115247,0.00583535,0.0042725285,0.0022543445,0.00486115,0.0027548082,0.0018928986,0.0015885847,0.0018457012,0.002005649,0.005557117,0.0060708513,0.086242594,0.0043480424,0.002052415,0.0005421707,0.0033009276,0.13178447,0.54533523,0.0008892222,0.0032248183,0.00092163566,0.0013118167,0.006083822,0.001811693,0.0060731648,0.003036239
JHA_15_aug_09.npz,JHA,THA,False,0.5443826,0.0018494502,0.002018217,0.0021416957,0.0019457652,0.01294727,0.0012721024,0.002086962,0.001959014,0.0007480764,0.0029794194,0.0030031768,0.0017406283,0.0038360367,0.0009940717,0.2919276,0.00051053194,0.0042528044,0.0015976415,0.0011211857,0.00087097596,0.004531337,0.0058319457,0.0022645441,0.0017722275,0.00078161946,0.00239413,0.00092126627,0.014350995,0.07053862,0.5443826,0.006023097,0.0009070983,0.0012804972,0.0025898917,0.00073252374,0.0008950277
JHA_6_aug_19.npz,JHA,NA,False,0.5434295,0.002326854,0.0032505703,0.0020037272,0.003495712,0.001274917,0.0008210373,0.0019020417,0.0023340592,0.0010814938,0.032743532,0.0035404654,0.002934123,0.0028765874,0.002020852,0.3034765,0.0005228341,0.003542029,0.0044656615,0.0003192245,0.005390267,0.0020869959,0.5434295,0.00475752,0.0036602656,0.0005552334,0.003849626,0.00070866186,0.03270842,0.0053433334,0.016589979,0.00036980736,0.0010629543,0.0012788747,0.0016674581,0.0005763798,0.0010324194
DAA_7_aug_18.npz,DAA,KSHA,False,0.54306626,0.0009223421,0.0011398571,0.0011728973,0.0016577723,0.00015380207,0.31351084,0.002986605,0.0008457049,0.0015383061,0.0029485705,0.0013744673,0.0006493948,0.001293786,0.0015218799,0.0011624679,0.0009630738,0.00031589737,0.54306626,0.0013353359,0.0028335822,0.0022145861,0.004082408,0.0012977527,0.0011141811,0.014263,0.0026409521,0.00089611614,0.00064363214,0.001491264,0.0027032946,0.004362653,0.07322159,0.0005612923,0.0042972593,0.0020276448,0.0027895507
TRA_9_aug_04.npz,TRA,D_SHA,False,0.5418061,0.005062685,0.0013222548,0.0025001245,0.0051822634,0.0037005001,0.006681501,0.00053733826,0.00199661,0.5418061,0.0033123004,0.0040182993,0.0245666,0.0022177545,0.000884504,0.0026361411,0.0014132321,0.001850385,0.0074068145,0.0020771718,0.0029129307,0.018393958,0.0017700458,0.002003486,0.0043429267,0.0018190709,0.001132958,0.0009094236,0.000889519,0.006247481,0.0021871058,0.0027288834,0.29482508,0.010456394,0.025796002,0.0018768234,0.0025353625
BA_8_aug_14.npz,BA,BHA,False,0.5329214,0.18460363,0.5329214,0.0008402244,0.0039231167,0.00213306,0.0011143463,0.0025942228,0.000500366,0.0011825153,0.0033978485,0.001391949,0.0005161924,0.0017279807,0.0030045202,0.002385267,0.0016493311,0.0033539142,0.003543294,0.0028233943,0.20420687,0.0032162974,0.0015169266,0.001428252,0.0027744346,0.003053072,0.0025745607,0.0033347968,0.0012503235,0.0017542611,0.00072870206,0.0013578088,0.0024737595,0.009618362,0.004052659,0.0017195598,0.001332841
WA_10_aug_12.npz,WA,TRA,False,0.53222334,0.0008663597,0.0005997839,0.0011743212,0.0037331718,0.00024010344,0.051680077,0.0021761863,0.0009626531,0.019022517,0.002261054,0.0017134498,0.0037733284,0.0032504308,0.00097604474,0.00053200714,0.0010710956,0.0011286058,0.011087005,0.004595336,0.0020442822,0.0030270042,0.0010845966,0.00081238494,0.0028698142,0.0013405861,0.0012699134,0.0018686341,0.0007584142,0.0012556111,0.0017810356,0.001096452,0.53222334,0.0023357396,0.32742834,0.0073600756,0.00060019223
KSHA_5_aug_16.npz,KSHA,YA,False,0.5321242,0.0018993678,0.0016282923,0.0021626747,0.0020162228,0.00050804246,0.11882962,0.0016229987,0.004750995,0.00053973566,0.0014487641,0.0039935415,0.002319596,0.0033472225,0.0038488728,0.0005706508,0.0013101333,0.0023617204,0.0007483892,0.0013343828,0.00087404787,0.00068565103,0.0006234338,0.001235419,0.005063517,0.0048020305,0.0016648725,0.0043018493,0.020096386,0.0028324297,0.091680124,0.15581267,0.0016133466,0.0009204805,0.019743491,0.5321242,0.00068479107
THAA_7_aug_16.npz,THAA,YA,False,0.53018576,0.0014510896,0.0010295851,0.00257585,0.0020746428,0.00045885128,0.24562298,0.0015197899,0.002761446,0.0007888651,0.0019928322,0.0028394514,0.0019551867,0.0024691422,0.0025246271,0.00054945494,0.001004279,0.003944034,0.0010255018,0.0009626805,0.00070174085,0.0005788156,0.0005105707,0.0010874327,0.0030396655,0.0026158975,0.0009728669,0.0036973574,0.0047917524,0.003716373,0.04364134,0.100583896,0.0024329245,0.0008643628,0.022745786,0.53018576,0.0002831497
JHA_15_aug_16.npz,JHA,TAA,False,0.5202983,0.005334156,0.007185973,0.0071045407,0.010178561,0.05888564,0.0043398323,0.0031061056,0.0049420036,0.0051895683,0.008521266,0.010536996,0.0044443333,0.0071163126,0.001980192,0.1217835,0.0019720169,0.009152347,0.00967512,0.008459854,0.0058847815,0.016075142,0.007703133,0.01182834,0.00572374,0.015125896,0.0055949287,0.002542862,0.007349592,0.5202983,0.07697516,0.016506711,0.0059556738,0.0018441963,0.00548148,0.0015581078,0.0036436715
TAA_9_aug_13.npz,TAA,DA,False,0.51490635,0.0010815088,0.0021817533,0.0019511235,0.0016541814,0.51490635,0.00070594257,0.000771457,0.0011955102,0.0031328283,0.0004561617,0.0011496615,0.0007426405,0.0023500987,0.00046949417,0.0058247847,0.0028298562,0.0044719353,0.00091886695,0.0018381537,0.0011143401,0.0010248424,0.0003839613,0.0012278731,0.001828439,0.00993561,0.00092670013,0.0026852062,0.0011468002,0.4151113,0.0067233695,0.0038789664,0.0008497235,0.000999627,0.0011740059,0.0003240375,0.0020328916
KSHA_5_aug_14.npz,KSHA,DAA,False,0.5132883,0.0009916533,0.0011369729,0.0011775831,0.0026382399,0.00026053237,0.5132883,0.0020001242,0.0016895221,0.0020058788,0.004375545,0.0017845497,0.0008414612,0.0013795902,0.0014953075,0.0015933246,0.0022310542,0.0003752825,0.3275649,0.0031502582,0.0033486213,0.0018948828,0.004163287,0.0020539274,0.001008436,0.06204303,0.0018449184,0.0007300827,0.000558802,0.0033934212,0.004500649,0.0120004825,0.021532882,0.0006302196,0.0047987876,0.0017475975,0.003769916
GA_15_aug_09.npz,GA,NGA,False,0.512335,0.004799269,0.0011555428,0.010911249,0.0038063172,0.0013824571,0.0007119432,0.0013715522,0.00034586634,0.001565857,0.015704427,0.39535,0.0017320873,0.0013270151,0.0056925644,0.0024330318,0.0008113958,0.0031403287,0.00068719644,0.0041234302,0.00062577793,0.0052026464,0.0013443123,0.0005635682,0.512335,0.0005374729,0.0009906602,0.00043175876,0.0054073096,0.0010293217,0.0040053762,0.0024920516,0.0018091399,0.0035936434,0.0014634565,0.0006973555,0.00041962313
YA_6_aug_04.npz,YA,TA,False,0.5106121,0.0008935061,0.012504873,0.004237368,0.0007731412,0.0031362593,0.0045034164,0.004825978,0.007698939,0.00016888882,0.0008743756,0.002720737,0.0020406267,0.0024258292,0.0037105381,0.0005592357,0.0019450053,0.001006572,0.0008832447,0.0016033745,0.0018589902,0.0022513056,0.008627251,0.0023310801,0.0030917774,0.0008398233,0.002200742,0.18513983,0.5106121,0.0011304889,0.0127634,0.0040361164,0.0013616787,0.0030273544,0.010546186,0.19155625,0.002113692
GA_23_aug_19.npz,GA,JHA,False,0.50744337,0.0014432297,0.0012956271,0.00091534737,0.0021526692,0.0013951072,0.00066481414,0.0012630384,0.001468028,0.008646934,0.38075697,0.0029993728,0.004303036,0.0014753072,0.0008295608,0.50744337,0.00028969,0.023281932,0.0018575505,0.0003330852,0.0021674044,0.0012065221,0.025191098,0.0020003486,0.0039557605,0.00023479901,0.0011242211,0.00022359575,0.0018795129,0.006893809,0.006448957,0.00035280598,0.0010680099,0.0012220448,0.0018032081,0.0003439595,0.0010693353
NAA_15_aug_11.npz,NAA,DHAA,False,0.5062152,0.0004535075,0.0012823824,0.0059663053,0.00016457842,0.00082292507,0.0018969633,0.0007910574,0.5062152,0.0010949989,0.0011063302,0.00081474014,0.0019423829,0.01584609,0.00039890167,0.0016057681,0.0010367153,0.0004991945,0.0011469747,0.0070077325,0.00097825,0.0026576878,0.008619733,0.4170775,0.00016585182,0.0023242612,0.00072367175,0.003509486,0.0024121404,0.0027115226,0.0007063739,0.00058260176,0.0010766577,0.0009110114,0.0018830799,0.0015869589,0.0019805043
PA_8_aug_07.npz,PA,YAN,False,0.50579125,0.0014530658,0.0022090685,0.00060635793,0.0049022455,0.0030342005,0.0032376028,0.0015355017,0.0068125944,0.0014366735,0.0017971953,0.0013483908,0.0012035883,0.0018580342,0.002975203,0.0018009922,0.03518172,0.0002397067,0.029001936,0.0030355826,0.005766141,0.0011851368,0.0011894072,0.0019939651,0.0010186525,0.34899813,0.011231807,0.0015086888,0.0015374146,0.006008391,0.0014187539,0.002950994,0.0017258216,0.0014960782,0.0016832605,0.0008264603,0.50579125
WA_15_aug_20.npz,WA,DAA,False,0.5029074,0.0006426207,0.001015341,0.00131775,0.002709586,0.00031630674,0.5029074,0.0020216494,0.003328459,0.006196589,0.0059479596,0.0019489733,0.00354796,0.0031815795,0.0035243267,0.00064677116,0.0023062138,0.0031243148,0.0067667426,0.002437447,0.0017113378,0.001670799,0.0019728285,0.0017454529,0.0022691132,0.0021325736,0.0012366413,0.0040881564,0.0022046661,0.0015542512,0.004061341,0.005347627,0.069771625,0.0011220777,0.15868296,0.18616967,0.00037089744
YA_7_aug_10.npz,YA,TA,False,0.49618432,0.00078285777,0.005068238,0.0025779523,0.0008217803,0.0012357956,0.005889525,0.002587978,0.007925491,0.00015725137,0.00090903294,0.0024052819,0.0022665274,0.002055214,0.003505107,0.00036000673,0.0012392156,0.0010688938,0.00048702108,0.0011223838,0.0014493841,0.0014154926,0.0039154985,0.0017451118,0.004843649,0.0009965677,0.0017662283,0.039055914,0.49618432,0.0011557564,0.03201384,0.00965364,0.0012066487,0.00096744415,0.011361622,0.3484527,0.0013506983
WA_21_aug_19.npz,WA,RA,False,0.49377173,0.0012216619,0.0077324347,0.0026343095,0.0006954534,0.0074195876,0.002835737,0.008496903,0.0016445759,0.0016658432,0.0005234619,0.0018445499,0.0013419893,0.0026248537,0.0020130656,0.00080680614,0.002541125,0.0011091365,0.0007759545,0.0039558285,0.0015503573,0.0038580557,0.0012733442,0.002515299,0.0023006422,0.0013127881,0.0013123469,0.49377173,0.0035251796,0.0011457589,0.0015083253,0.00082016754,0.0031718826,0.09516016,0.27839944,0.05555898,0.00093221746
THA_15_aug_17.npz,THA,TA,False,0.4867228,0.0009568022,0.0020843344,0.0014508965,0.0005428488,0.0014134288,0.0011956007,0.0018078056,0.004765398,0.00024315318,0.0017358972,0.0020056397,0.0028883456,0.0015859753,0.0028829302,0.0049332343,0.00045426277,0.0011947755,0.00039376016,0.00031328754,0.000399355,0.0014207056,0.0071394313,0.0008624459,0.005284029,0.00013582018,0.001272922,0.0022552854,0.4867228,0.0027650944,0.43699735,0.0043288185,0.00073613634,0.0005650438,0.003557985,0.012254704,0.0004537653
NGA_9_aug_09.npz,NGA,JA,False,0.48629904,0.004334635,0.0049467697,0.0058420976,0.002471508,0.0042699287,0.0024832243,0.028198738,0.0009047645,0.0034999275,0.0029716517,0.0056463024,0.0010357192,0.0029400392,0.48629904,0.0012555423,0.009683976,0.010590225,0.0019996976,0.0013857571,0.002554951,0.0011511707,0.0058265184,0.00084309804,0.36940715,0.0014788585,0.0014697617,0.0020026164,0.010347843,0.00038026026,0.004329965,0.00095162395,0.0046799933,0.0042258934,0.0033549191,0.005249907,0.0009859584
THA_7_aug_20.npz,THA,JHA,False,0.48510885,0.0011696286,0.0011841068,0.0015274719,0.0019715566,0.04011677,0.00059076014,0.0011146952,0.0007824225,0.00085233,0.0028217204,0.002204094,0.0005793735,0.0019301211,0.00038861315,0.48510885,0.00031193424,0.0029929685,0.0019432973,0.001371757,0.0005570043,0.0062466306,0.0017022995,0.003511023,0.00065938785,0.0017958805,0.0010533486,0.0006835265,0.0022346089,0.3046431,0.12120276,0.0031114025,0.00058074296,0.0011727833,0.0011664616,0.0001506408,0.000565924
BHA_9_aug_02.npz,BHA,RA,False,0.47665638,0.0044088555,0.0522393,0.011325402,0.0036286146,0.017541902,0.012466181,0.015878681,0.017588161,0.003412287,0.0050483965,0.006655459,0.008886083,0.009253082,0.011965023,0.0049770866,0.008701839,0.005703002,0.0042422316,0.009031592,0.0100815445,0.011138018,0.01768263,0.009781314,0.00631558,0.0035263493,0.007275024,0.47665638,0.056838203,0.0046556536,0.0073816124,0.0053621875,0.0067934245,0.032566518,0.029779058,0.09244904,0.008764353
BHA_9_aug_09.npz,BHA,MA,False,0.47303715,0.030221002,0.40437615,0.0007542071,0.008940187,0.0016083315,0.0013539306,0.002143399,0.00089821435,0.00072349596,0.0048376606,0.00094279036,0.0005457925,0.002832567,0.0033317155,0.0030025458,0.001776006,0.0030633751,0.0028592667,0.0077255038,0.47303715,0.004668482,0.0053425957,0.0032000744,0.001634104,0.0030395575,0.0034104192,0.0042054923,0.0018622796,0.0017563674,0.0007961374,0.0016349908,0.0042240485,0.0018117636,0.00337104,0.0016791594,0.0023900927
NAA_9_aug_10.npz,NAA,DHAA,False,0.46883637,0.0004210073,0.0010981433,0.0059512393,0.00015748406,0.00079299323,0.0016120109,0.0007365298,0.46883637,0.0010421263,0.0011128302,0.0007906315,0.0018582599,0.014178474,0.0003296762,0.001653051,0.00083502755,0.00041070482,0.0013172248,0.0071944413,0.0009240876,0.0028896278,0.00886292,0.4578129,0.0001640197,0.00275193,0.00063693366,0.0029193142,0.0021759097,0.0029511866,0.00060614507,0.0005010189,0.0009727943,0.0007649891,0.0017129217,0.0013067366,0.0017182734
M_SHA_2_aug_02.npz,M_SHA,GYA,False,0.46879455,0.0026027258,0.0047108512,0.0013765445,0.0023123703,0.0012217812,0.002172359,0.0015133241,0.1252061,0.009869355,0.015090327,0.0014073799,0.46879455,0.0021176767,0.0016159783,0.0011851582,0.0016588081,0.0035280914,0.00086669327,0.0029603264,0.0009925531,0.25431606,0.0022374261,0.051675316,0.0025235543,0.0006722967,0.008264368,0.0030476893,0.0037009642,0.002151926,0.0024618423,0.0025127153,0.003988549,0.0016165207,0.0030646713,0.0043416526,0.002221382
T_SHA_9_aug_07.npz,T_SHA,WA,False,0.46791792,0.0026231601,0.005958371,0.0020091876,0.0011364914,0.008469636,0.002321417,0.009646504,0.0021181318,0.016728077,0.0013200843,0.0046092565,0.0034494076,0.0027847802,0.001898117,0.0028230003,0.002717438,0.0012605455,0.0012822876,0.0043921242,0.002265779,0.007038214,0.0018250532,0.004261959,0.0026539597,0.0016059051,0.0022854747,0.07468602,0.0028149514,0.001411486,0.0022115845,0.00070358854,0.0088299215,0.33225456,0.46791792,0.007690824,0.00199475
PA_26_aug_09.npz,PA,YAN,False,0.46139923,0.0012516261,0.0025825563,0.000614606,0.0047212727,0.0046876417,0.002857576,0.0012460807,0.0054016593,0.0012493144,0.0011448641,0.0011243236,0.0010397296,0.0018423839,0.0029565361,0.0016397936,0.048012063,0.00021510049,0.014876604,0.0030413892,0.0049734833,0.0009923332,0.0008446801,0.0018868961,0.0009883423,0.39978212,0.009373045,0.002011159,0.0013761816,0.0068412405,0.0011679424,0.002870439,0.0011125639,0.0014642247,0.0014078083,0.0010031174,0.46139923
JA_7_aug_09.npz,JA,NGA,False,0.45790246,0.0033364173,0.0036188003,0.0043516187,0.0017668206,0.0031636527,0.0016312936,0.022068309,0.00055308634,0.002358359,0.0020365946,0.0044392096,0.00072012027,0.0021363557,0.43721932,0.0007815068,0.006699868,0.008096982,0.0011927028,0.0009725727,0.0017351812,0.0007764226,0.0035499313,0.0004686591,0.45790246,0.0010144928,0.0010203386,0.0014471383,0.007832368,0.0002369906,0.0031302383,0.0006582319,0.0032713704,0.003114761,0.0022245487,0.003902585,0.0005707058
HA_26_aug_04.npz,HA,LA,False,0.45291314,0.0035461553,0.0015387419,0.014485009,0.006609049,0.0028140391,0.0030146963,0.000618168,0.015049515,0.0005267397,0.0006766265,0.0024748931,0.0004915587,0.4513389,0.00046207535,0.003104235,0.0014812436,0.0013530434,0.0013806596,0.45291314,0.0032056067,0.0007739066,0.001938721,0.004903942,0.000720055,0.0064330418,0.00027339955,0.0006145046,0.00079102715,0.0030607898,0.002638289,0.0036673914,0.0018961463,0.00039854873,0.0013899563,0.0014268911,0.0019893285
TA_12_aug_09.npz,TA,NA,False,0.4429273,0.0025545086,0.022897717,0.00393257,0.0018218223,0.0019090512,0.0005856517,0.002043538,0.0044846516,0.00013778977,0.0033920875,0.0045362324,0.0033174497,0.0021679164,0.0025833158,0.016179604,0.0012236013,0.0019783417,0.002137938,0.0007964761,0.0050428743,0.004604338,0.4429273,0.0022845138,0.0022152015,0.00016604633,0.0051790434,0.010421834,0.43122697,0.0012146102,0.008250836,0.0003548614,0.0014719113,0.0015113105,0.0015180852,0.0016028276,0.0013271259
PA_14_aug_06.npz,PA,YAN,False,0.44186532,0.0010220129,0.0025681066,0.0005694318,0.004112289,0.0069812173,0.0023593178,0.000939172,0.0039993227,0.0010990137,0.00066304544,0.00090135395,0.0008353192,0.0016888231,0.002344112,0.0012792485,0.053188603,0.00020097182,0.008315106,0.002861888,0.0040884083,0.00075929274,0.0005461678,0.0016035666,0.00085886166,0.4275042,0.0077169756,0.0022025744,0.0010374467,0.008087923,0.00087449414,0.0027225453,0.0007639769,0.0012860915,0.001160331,0.0009933321,0.44186532
THAA_4_aug_16.npz,THAA,PA,False,0.4400916,0.0008611244,0.0009753216,0.00089432794,0.0027389987,0.0017934301,0.032708775,0.00023414727,0.0009673542,0.00044852664,0.00037658252,0.0027799872,0.00022791568,0.0005298041,0.00034094718,0.00044014317,0.0006688486,0.00018003446,0.0051122066,0.0025472187,0.0019328247,0.00041029477,0.00019176926,0.002255966,0.0007624669,0.4400916,0.0005322313,0.000466351,0.00030261217,0.10421106,0.0076290006,0.38155717,0.0004970527,0.00014717349,0.000761921,0.0020593165,0.0013654467
M_SHA_27_aug_19.npz,M_SHA,NAA,False,0.4364398,0.0018757747,0.0031954912,0.00226229,0.0025461086,0.001329966,0.00093385356,0.0030628012,0.028165594,0.0014333297,0.00458625,0.0011448875,0.02771449,0.0009405695,0.0011275291,0.0015172872,0.0008485814,0.0022155978,0.0014819069,0.001748053,0.0030014855,0.39359435,0.0025397486,0.4364398,0.0009586666,0.0010293612,0.048917048,0.0018383389,0.002347581,0.0050663785,0.0029684585,0.0029552658,0.0026373868,0.0007031093,0.0012153443,0.0032400633,0.002417268
KA_14_aug_15.npz,KA,KHA,False,0.43113494,0.0029856553,0.0020222915,0.0014760309,0.0017702779,0.12693949,0.0016471287,0.0020205902,0.0009923283,0.0037724841,0.001381274,0.0009368732,0.0044685598,0.0009874369,0.018474568,0.00034551218,0.36994982,0.43113494,0.0005402939,0.0014498734,0.0022751628,0.00058609183,0.0006729446,0.00023436463,0.006056984,0.000715905,0.00044807728,0.0015550801,0.00077955547,0.00076294725,0.0009485375,0.0005948921,0.003040548,0.0033187917,0.0024132468,0.00087133056,0.0014300985
DHAA_6_aug_20.npz,DHAA,HA,False,0.43107808,0.0023149261,0.0020516708,0.008008503,0.00068286865,0.0025583997,0.005068137,0.0015120145,0.42694196,0.0014263184,0.001745029,0.0013437483,0.0021018556,0.43107808,0.00070350757,0.0047452245,0.002607489,0.0013426838,0.0015266853,0.015498673,0.001711934,0.0009670639,0.00763311,0.04324104,0.00041543876,0.0023950848,0.0010151535,0.004805486,0.0040682144,0.0036178275,0.0018458777,0.001810816,0.0021396808,0.0024185763,0.0017662244,0.0034505704,0.003440163
THA_8_aug_15.npz,THA,YA,False,0.4280999,0.0016858184,0.00215762,0.0018547947,0.0016169884,0.0005154072,0.053576343,0.0019061004,0.0053630862,0.00041873587,0.0012035895,0.0038841325,0.0023317297,0.00373768,0.004753461,0.00059411325,0.0010418717,0.0015917304,0.00053594634,0.0015330648,0.00096232357,0.0006457445,0.00072997186,0.0011455279,0.0054744836,0.0045233076,0.0018898471,0.0045610038,0.055566404,0.0027131147,0.20044117,0.18661736,0.0011655204,0.0006513065,0.013543935,0.4280999,0.0009669047
YAN_9_aug_17.npz,YAN,KSHA,False,0.42003202,0.0025978815,0.0022498348,0.0011482358,0.0045024776,0.00076627487,0.026049173,0.0028448177,0.0040051937,0.001923628,0.0046373103,0.002488987,0.0009774707,0.0020258443,0.0029184485,0.0038326774,0.0053683165,0.00018066324,0.42003202,0.0035877118,0.00888676,0.0018850836,0.004462174,0.003220815,0.0011799793,0.38091087,0.00686849,0.00093101384,0.0012025589,0.0085828565,0.003978001,0.006708547,0.009945291,0.0012900706,0.0037847287,0.00081642426,0.06320943
PHA_15_aug_13.npz,PHA,YAN,False,0.40683436,0.003217981,0.0046796994,0.00043591525,0.0064283735,0.0028261952,0.0010947678,0.022377225,0.004094943,0.0017171028,0.00086025987,0.0011705598,0.0033969854,0.0022765517,0.07502939,0.0015119679,0.17000952,0.0018219771,0.0073801964,0.0012556041,0.0037845406,0.0025563648,0.007940735,0.0026781685,0.0022634997,0.01029286,0.2299158,0.003291181,0.005779514,0.00039342805,0.0009245164,0.00033697288,0.0028162242,0.003830766,0.0031241716,0.0016517375,0.40683436
KA_1_aug_08.npz,KA,YAN,False,0.4050378,0.0015074381,0.004098105,0.00092786783,0.004019768,0.049305823,0.0019229683,0.0013467065,0.0035157336,0.0022512854,0.00044591882,0.0009224909,0.0012196004,0.0021782718,0.0037752124,0.001212141,0.26591504,0.0008297724,0.0035135986,0.0030527369,0.004143797,0.00096962776,0.00046601248,0.0012874136,0.0012639487,0.20658836,0.00626645,0.004702943,0.0011553785,0.006638347,0.00066488964,0.002088532,0.0008135719,0.0032678565,0.001555773,0.0011288085,0.4050378
TAA_7_aug_05.npz,TAA,RA,False,0.4010212,0.0009525647,0.006367029,0.0035203393,0.00088767667,0.0048277886,0.008471111,0.01037586,0.0026411435,0.0014740326,0.0009506031,0.0015218058,0.0016240833,0.0033367667,0.0033976373,0.00087158236,0.0030122618,0.0019129608,0.0013213881,0.004159479,0.001738348,0.0027611123,0.0019405808,0.0028050938,0.002569108,0.0014721691,0.0015595444,0.4010212,0.004794469,0.0012388688,0.0024067776,0.0013809052,0.0041721766,0.028502699,0.2731958,0.20595448,0.0008606719
BA_26_aug_11.npz,BA,BHA,False,0.39992517,0.392045,0.39992517,0.0010817377,0.003823624,0.0030561248,0.0012153375,0.0031757052,0.00060456357,0.0017843609,0.003433057,0.0020552524,0.0008197245,0.002333556,0.0031909822,0.002704926,0.001969433,0.004309276,0.004476163,0.0024499097,0.10787116,0.0034035547,0.0013209846,0.0012639356,0.0039108363,0.0033488977,0.002921157,0.0031925251,0.0016381112,0.0020277302,0.0010085054,0.0015879559,0.002304506,0.021375423,0.0047890777,0.0019555998,0.0016261532
WA_9_aug_09.npz,WA,D_SHA,False,0.39960787,0.0027194654,0.0005927553,0.0015994371,0.0039430624,0.0026965288,0.0057595028,0.0022817377,0.0019344478,0.39960787,0.0051539936,0.0044992487,0.011521414,0.002597678,0.00089336577,0.001866659,0.0014147413,0.002035363,0.002973615,0.003593443,0.0020898145,0.005283836,0.0009936218,0.0021649927,0.002580125,0.0013409883,0.0012355755,0.0014735126,0.00078055257,0.003190366,0.002395174,0.0012865713,0.098019145,0.040807907,0.37442073,0.002777693,0.0014750394
PA_23_aug_09.npz,PA,TAA,False,0.3973318,0.0013696689,0.0013086278,0.0018136868,0.0033427754,0.0071989493,0.009528327,0.00037152576,0.0009148301,0.0006099333,0.00040461877,0.0028992917,0.00032288107,0.000826287,0.0003697875,0.0013316515,0.0007938916,0.00042598665,0.0027679552,0.0028413127,0.0019430909,0.0006134415,0.00022502168,0.0021873931,0.0011847856,0.31775162,0.000625898,0.0007602203,0.00032212783,0.3973318,0.00842944,0.22448553,0.0004504719,0.00021357536,0.00081260904,0.0018895941,0.001331395
TRA_9_aug_18.npz,TRA,M_SHA,False,0.3928792,0.005757883,0.0043913396,0.0038774137,0.004476087,0.0033285508,0.0059346636,0.0013013633,0.0009815359,0.0114458,0.0018536365,0.0043034167,0.0069096894,0.0030159124,0.0014034761,0.006812472,0.0012404174,0.0009441828,0.12760146,0.004969253,0.004728626,0.3928792,0.002139916,0.0064415867,0.004432064,0.0065512625,0.0122759035,0.0019387809,0.0012677851,0.0084583815,0.00492167,0.0024239824,0.33256003,0.002634158,0.0043747323,0.0012719462,0.010151382
KSHA_6_aug_12.npz,KSHA,TRA,False,0.3662323,0.0039046356,0.0029080103,0.0027003502,0.003204355,0.0020377482,0.0065700538,0.0017172174,0.00054196984,0.006940777,0.0014496761,0.0044391262,0.004293844,0.0025079197,0.001129784,0.005387544,0.0008135597,0.0005462588,0.27869847,0.0031636693,0.0039295056,0.23610492,0.0022475147,0.0034579649,0.0036111185,0.0058699073,0.015061051,0.0012672417,0.0010662044,0.00507847,0.0038456346,0.0015050311,0.3662323,0.0020393385,0.0040343376,0.0008084928,0.010886032
M_SHA_9_aug_14.npz,M_SHA,KSHA,False,0.36549675,0.0025044014,0.003536713,0.0036150946,0.0026899083,0.0020345973,0.009242712,0.0033314358,0.0009079497,0.0035880478,0.002154593,0.008600965,0.003543303,0.0019329218,0.0011570839,0.0055935504,0.0009125654,0.0004691122,0.36549675,0.0034202521,0.003985226,0.34929708,0.003076334,0.0051056272,0.0034926618,0.005603679,0.05356071,0.0017234477,0.0014728578,0.0058435653,0.005461038,0.0023732777,0.105441794,0.0019091303,0.0035353086,0.0010542972,0.022332026
KA_8_aug_11.npz,KA,JA,False,0.32698506,0.0055675446,0.0029520756,0.0011435577,0.0021335252,0.012171905,0.0045392835,0.006448273,0.0013728968,0.0046271463,0.0076898495,0.0015180933,0.0027614622,0.0013488656,0.32698506,0.00045103478,0.278075,0.24945877,0.00091340416,0.0017012282,0.0030090818,0.000515579,0.003300815,0.00025189455,0.04944351,0.0009843231,0.00074602367,0.0011701998,0.0034025828,0.00010067516,0.0013185774,0.00035969555,0.0032466978,0.0063886154,0.0078908,0.0046513584,0.0013606693
TAA_15_aug_09.npz,TAA,KA,False,0.3193527,0.017603815,0.022435168,0.011266795,0.019125013,0.024530092,0.013253203,0.02620796,0.016774133,0.018214375,0.016125703,0.01132514,0.022350397,0.007296237,0.098181345,0.008289105,0.3193527,0.025916113,0.013410009,0.010164738,0.021399928,0.012111115,0.021317968,0.011915014,0.019881856,0.023157904,0.02414298,0.012467936,0.023202652,0.0047128987,0.009454355,0.007710637,0.015201568,0.014159102,0.014680311,0.013065817,0.04959589
NAA_8_aug_01.npz,NAA,MA,False,0.25690767,0.0372522,0.080379896,0.0101894485,0.072274454,0.008978027,0.02267194,0.012417054,0.012926528,0.012739396,0.03598393,0.010785115,0.0071475212,0.020523284,0.01884449,0.017543754,0.01600122,0.017631942,0.023990402,0.025379205,0.25690767,0.013454738,0.041576963,0.01709105,0.010431684,0.020329583,0.020184727,0.0115804905,0.011387863,0.014768669,0.007543602,0.022428127,0.032700874,0.00956508,0.015398541,0.011979193,0.019011341
TAA_7_aug_03.npz,TAA,THAA,False,0.25461125,0.006072229,0.007551141,0.006707275,0.011176572,0.015172222,0.02909587,0.004074501,0.0108335,0.003927058,0.00620268,0.012834357,0.005890253,0.0066490327,0.0042883717,0.02094906,0.0031612585,0.005530779,0.004734549,0.005618903,0.005593311,0.0051100585,0.004034375,0.008659334,0.006943834,0.019201426,0.0051396317,0.0039866087,0.012892797,0.24727264,0.23365767,0.25461125,0.0049471715,0.0021770943,0.0056553753,0.0068600024,0.0027877383
